code,label,expert_n,model_n,TP,FP,FN,TN,precision,recall,F1,kappa
1,Work Execution,150,202,91,111,59,1408,0.45,0.607,0.517,0.461
2,Schedule Sequencing,120,78,52,26,68,1523,0.667,0.433,0.525,0.497
3,Delivery Delays,15,4,3,1,12,1653,0.75,0.2,0.316,0.313
4,Early Collaboration,27,9,8,1,19,1641,0.889,0.296,0.444,0.44
5,Design and Coordination,95,93,55,38,40,1536,0.591,0.579,0.585,0.56
6,Design Lock-In,81,21,16,5,65,1583,0.762,0.198,0.314,0.3
7,QA – Fabrication,24,16,1,15,23,1630,0.062,0.042,0.05,0.039
8,Inspections,61,66,47,19,14,1589,0.712,0.77,0.74,0.73
9,Logistics,11,9,4,5,7,1653,0.444,0.364,0.4,0.396
10,Risk Management,187,410,137,273,50,1209,0.334,0.733,0.459,0.361
11,Transport Risk,17,1,0,1,17,1651,0.0,0.0,0.0,-0.001
12,Payment,222,327,203,124,19,1323,0.621,0.914,0.74,0.69
13,GMP / Target Cost,85,59,43,16,42,1568,0.729,0.506,0.597,0.58
14,Insurance,80,73,67,6,13,1583,0.918,0.838,0.876,0.87
15,Environmental,81,78,68,10,13,1578,0.872,0.84,0.855,0.848
16,Defective Work,112,140,95,45,17,1512,0.679,0.848,0.754,0.734
17,Ownership,42,35,20,15,22,1612,0.571,0.476,0.519,0.508
18,Changes in the Work,265,282,207,75,58,1329,0.734,0.781,0.757,0.709
19,Dispute,248,175,146,29,102,1392,0.834,0.589,0.69,0.647
