form_a,form_b,pairs,expert_same_codes,model_same_codes
CCDC 2,CCDC 2 CcQ,222,0.973,0.793
CCDC 2,CCDC 3,87,0.517,0.851
CCDC 2 CcQ,CCDC 3,85,0.494,0.835
CCDC 2,CCDC 5B,64,0.641,0.891
CCDC 2 CcQ,CCDC 5B,60,0.617,0.833
CCDC 2,CCDC 17,45,0.556,0.844
CCDC 2 CcQ,CCDC 17,44,0.568,0.909
CCDC 3,CCDC 5B,42,0.69,0.976
CCDC 5B,CCDC 17,40,0.6,0.8
CCDC 5A,CCDC 5B,23,0.783,0.957
CCDC 3,CCDC 17,20,0.6,0.85
CCDC 5A,CCDC 17,19,0.842,1.0
CCDC 3,CCDC 14,17,0.824,1.0
CCDC 2,CCDC 14,16,0.562,1.0
CCDC 2,CCDC 5A,15,0.867,1.0
CCDC 2 CcQ,CCDC 14,15,0.533,0.933
CCDC 2 CcQ,CCDC 5A,14,0.786,1.0
CCDC 14,CCDC 17,12,0.5,0.917
CCDC 5B,CCDC 14,12,0.833,1.0
CCDC 3,CCDC 5A,11,0.909,1.0
CCDC 5A,CCDC 14,7,0.857,1.0
CCDC 2,CCDC 30,5,0.8,1.0
CCDC 2 CcQ,CCDC 30,5,0.8,0.8
CCDC 3,CCDC 30,5,0.8,1.0
CCDC 5B,CCDC 30,5,0.8,0.8
CCDC 14,CCDC 30,5,0.6,1.0
CCDC 17,CCDC 30,5,0.8,0.8
CCDC 5A,CCDC 30,4,0.75,1.0
CCDC 3,CCDC 3,1,1.0,0.0
CCDC 14,CCDC 14,1,1.0,1.0
ALL,,906,0.712,0.868
