row_id,form,clause_id,set,model_codes,n_valid_runs
0001,CCDC 2,A-1.1,test,1,3
0002,CCDC 2,A-1.2,test,1,3
0003,CCDC 2,A-1.3,test,1,3
0004,CCDC 2,A-2.1,test,,3
0005,CCDC 2,A-2.2,development,6;18,3
0006,CCDC 2,A-3.1,test,,3
0007,CCDC 2,A-4.1,test,,3
0008,CCDC 2,A-4.2,test,12,3
0009,CCDC 2,A-4.3,test,12,3
0010,CCDC 2,A-4.4,test,18,3
0011,CCDC 2,A-4.5,test,,3
0012,CCDC 2,A-5.1,development,12,3
0013,CCDC 2,A-5.2,test,12;19,3
0014,CCDC 2,A-6.1,test,,3
0015,CCDC 2,A-6.2,test,,3
0016,CCDC 2,A-6.3,test,,3
0017,CCDC 2,A-6.4,test,,3
0018,CCDC 2,A-6.5,test,,3
0019,CCDC 2,A-7.1,test,,3
0020,CCDC 2,A-7.2,test,,3
0021,CCDC 2,A-8.1,test,,3
0022,CCDC 2,GC 1.1.1,test,1,3
0023,CCDC 2,GC 1.1.2,test,,3
0024,CCDC 2,GC 1.1.3,test,1;5,3
0025,CCDC 2,GC 1.1.4,test,1;5;10,3
0026,CCDC 2,GC 1.1.5,development,,3
0027,CCDC 2,GC 1.1.6,test,,3
0028,CCDC 2,GC 1.1.7,test,,3
0029,CCDC 2,GC 1.1.8,test,,3
0030,CCDC 2,GC 1.1.9,test,,3
0031,CCDC 2,GC 1.1.10,test,17,3
0032,CCDC 2,GC 1.1.11,test,17,3
0033,CCDC 2,GC 1.2.1,development,,3
0034,CCDC 2,GC 1.3.1,test,,3
0035,CCDC 2,GC 1.3.2,development,,3
0036,CCDC 2,GC 1.4.1,test,,3
0037,CCDC 2,GC 2.1.1,test,,3
0038,CCDC 2,GC 2.1.2,test,,3
0039,CCDC 2,GC 2.2.1,test,,3
0040,CCDC 2,GC 2.2.2,test,8;10,3
0041,CCDC 2,GC 2.2.3,development,,3
0042,CCDC 2,GC 2.2.4,test,12,3
0043,CCDC 2,GC 2.2.5,test,1;10,3
0044,CCDC 2,GC 2.2.6,test,,3
0045,CCDC 2,GC 2.2.7,test,19,3
0046,CCDC 2,GC 2.2.8,test,,3
0047,CCDC 2,GC 2.2.9,development,,3
0048,CCDC 2,GC 2.2.10,test,18,3
0049,CCDC 2,GC 2.2.11,test,8;16,3
0050,CCDC 2,GC 2.2.12,test,1;2,3
0051,CCDC 2,GC 2.2.13,test,5;8,3
0052,CCDC 2,GC 2.2.14,test,18,3
0053,CCDC 2,GC 2.2.15,test,8,3
0054,CCDC 2,GC 2.2.16,test,10,3
0055,CCDC 2,GC 2.2.17,development,,3
0056,CCDC 2,GC 2.3.1,test,8,3
0057,CCDC 2,GC 2.3.2,test,8,3
0058,CCDC 2,GC 2.3.3,test,8,3
0059,CCDC 2,GC 2.3.4,test,8;16,3
0060,CCDC 2,GC 2.3.5,test,8;16,3
0061,CCDC 2,GC 2.3.6,test,8;12,3
0062,CCDC 2,GC 2.3.7,test,8;12,3
0063,CCDC 2,GC 2.4.1,test,16,3
0064,CCDC 2,GC 2.4.2,test,10;16,3
0065,CCDC 2,GC 2.4.3,test,12;16,3
0066,CCDC 2,GC 3.1.1,test,1,3
0067,CCDC 2,GC 3.1.2,test,1;2;10,3
0068,CCDC 2,GC 3.2.1,test,1,3
0069,CCDC 2,GC 3.2.2,test,1;10;14,3
0070,CCDC 2,GC 3.2.3,test,1;2,3
0071,CCDC 2,GC 3.2.4,test,1;18,3
0072,CCDC 2,GC 3.2.5,development,19,3
0073,CCDC 2,GC 3.2.6,test,2;16;18,3
0074,CCDC 2,GC 3.3.1,test,1;10,3
0075,CCDC 2,GC 3.3.2,test,1,3
0076,CCDC 2,GC 3.3.3,test,1;5;10,3
0077,CCDC 2,GC 3.4.1,test,1;2,3
0078,CCDC 2,GC 3.5.1,test,1,3
0079,CCDC 2,GC 3.5.2,test,1,3
0080,CCDC 2,GC 3.6.1,test,1,3
0081,CCDC 2,GC 3.6.2,test,1,3
0082,CCDC 2,GC 3.6.3,test,10,3
0083,CCDC 2,GC 3.6.4,test,18,3
0084,CCDC 2,GC 3.6.5,test,,3
0085,CCDC 2,GC 3.6.6,test,12,3
0086,CCDC 2,GC 3.7.1,test,1,3
0087,CCDC 2,GC 3.7.2,development,1,3
0088,CCDC 2,GC 3.7.3,development,1,3
0089,CCDC 2,GC 3.8.1,test,1;5,3
0090,CCDC 2,GC 3.8.2,test,2;5,3
0091,CCDC 2,GC 3.8.3,test,5;7,3
0092,CCDC 2,GC 3.8.4,test,5;7,3
0093,CCDC 2,GC 3.8.5,test,5;7,3
0094,CCDC 2,GC 3.8.6,test,5;10,3
0095,CCDC 2,GC 3.8.7,test,2;5,3
0096,CCDC 2,GC 4.1.1,test,,3
0097,CCDC 2,GC 4.1.2,test,12,3
0098,CCDC 2,GC 4.1.3,test,12,3
0099,CCDC 2,GC 4.1.4,test,12;18,3
0100,CCDC 2,GC 4.1.5,test,18,3
0101,CCDC 2,GC 4.1.6,test,12,3
0102,CCDC 2,GC 4.1.7,test,2;3,3
0103,CCDC 2,GC 4.2.1,test,,3
0104,CCDC 2,GC 4.2.2,test,,3
0105,CCDC 2,GC 4.2.3,test,18,3
0106,CCDC 2,GC 4.2.4,test,18,3
0107,CCDC 2,GC 5.1.1,development,12,3
0108,CCDC 2,GC 5.1.2,test,12,3
0109,CCDC 2,GC 5.2.1,test,12,3
0110,CCDC 2,GC 5.2.2,test,12,3
0111,CCDC 2,GC 5.2.3,test,12,3
0112,CCDC 2,GC 5.2.4,test,12,3
0113,CCDC 2,GC 5.2.5,test,12,3
0114,CCDC 2,GC 5.2.6,test,12,3
0115,CCDC 2,GC 5.2.7,test,12,3
0116,CCDC 2,GC 5.2.8,test,9;12,3
0117,CCDC 2,GC 5.3.1,development,12,3
0118,CCDC 2,GC 5.4.1,test,12,3
0119,CCDC 2,GC 5.4.2,test,12,3
0120,CCDC 2,GC 5.4.3,test,12,3
0121,CCDC 2,GC 5.4.4,test,12,3
0122,CCDC 2,GC 5.4.5,test,12,3
0123,CCDC 2,GC 5.4.6,test,10;12;16,3
0124,CCDC 2,GC 5.5.1,test,12,3
0125,CCDC 2,GC 5.5.2,test,12,3
0126,CCDC 2,GC 5.5.3,test,12,3
0127,CCDC 2,GC 5.5.4,test,12,3
0128,CCDC 2,GC 5.6.1,test,2;12,3
0129,CCDC 2,GC 5.7.1,test,10;12;16,3
0130,CCDC 2,GC 6.1.1,test,18,3
0131,CCDC 2,GC 6.1.2,test,18,3
0132,CCDC 2,GC 6.2.1,test,18,3
0133,CCDC 2,GC 6.2.2,test,12;18,3
0134,CCDC 2,GC 6.3.1,test,18,3
0135,CCDC 2,GC 6.3.2,test,18,3
0136,CCDC 2,GC 6.3.3,test,18,3
0137,CCDC 2,GC 6.3.4,development,1;18,3
0138,CCDC 2,GC 6.3.5,development,18,3
0139,CCDC 2,GC 6.3.6,test,18,3
0140,CCDC 2,GC 6.3.7,test,12;14;18,3
0141,CCDC 2,GC 6.3.8,test,10;18,3
0142,CCDC 2,GC 6.3.9,test,18,3
0143,CCDC 2,GC 6.3.10,test,18,3
0144,CCDC 2,GC 6.3.11,development,12;18,3
0145,CCDC 2,GC 6.3.12,test,18;19,3
0146,CCDC 2,GC 6.3.13,test,18,3
0147,CCDC 2,GC 6.4.1,test,10;18,3
0148,CCDC 2,GC 6.4.2,test,10;18,3
0149,CCDC 2,GC 6.4.3,development,18,3
0150,CCDC 2,GC 6.4.4,test,10;15,3
0151,CCDC 2,GC 6.5.1,test,10;18,3
0152,CCDC 2,GC 6.5.2,development,10;18,3
0153,CCDC 2,GC 6.5.3,test,10;18,3
0154,CCDC 2,GC 6.5.4,test,18,3
0155,CCDC 2,GC 6.5.5,test,2;18,3
0156,CCDC 2,GC 6.6.1,test,18,3
0157,CCDC 2,GC 6.6.2,test,10;18,3
0158,CCDC 2,GC 6.6.3,test,18,3
0159,CCDC 2,GC 6.6.4,test,18,3
0160,CCDC 2,GC 6.6.5,test,18,3
0161,CCDC 2,GC 6.6.6,test,18;19,3
0162,CCDC 2,GC 7.1.1,test,10,3
0163,CCDC 2,GC 7.1.2,test,10;16,3
0164,CCDC 2,GC 7.1.3,test,10;16,3
0165,CCDC 2,GC 7.1.4,test,10;16,3
0166,CCDC 2,GC 7.1.5,test,10;12,3
0167,CCDC 2,GC 7.1.6,test,10;16,3
0168,CCDC 2,GC 7.2.1,development,,3
0169,CCDC 2,GC 7.2.2,test,10,3
0170,CCDC 2,GC 7.2.3,test,10;12,3
0171,CCDC 2,GC 7.2.4,test,10,3
0172,CCDC 2,GC 7.2.5,test,10;12,3
0173,CCDC 2,GC 8.1.1,test,19,3
0174,CCDC 2,GC 8.1.2,test,19,3
0175,CCDC 2,GC 8.1.3,test,1;18;19,3
0176,CCDC 2,GC 8.2.1,test,19,3
0177,CCDC 2,GC 8.3.1,test,19,3
0178,CCDC 2,GC 8.3.2,test,19,3
0179,CCDC 2,GC 8.3.3,test,19,3
0180,CCDC 2,GC 8.3.4,test,19,3
0181,CCDC 2,GC 8.3.5,test,19,3
0182,CCDC 2,GC 8.3.6,test,19,3
0183,CCDC 2,GC 8.3.7,development,19,3
0184,CCDC 2,GC 8.3.8,test,19,3
0185,CCDC 2,GC 8.4.1,test,19,3
0186,CCDC 2,GC 8.4.2,test,19,3
0187,CCDC 2,GC 9.1.1,test,10,3
0188,CCDC 2,GC 9.1.2,test,1;10,3
0189,CCDC 2,GC 9.1.3,test,10;16,3
0190,CCDC 2,GC 9.1.4,development,10;16;18,3
0191,CCDC 2,GC 9.2.1,test,10;15,3
0192,CCDC 2,GC 9.2.2,test,10;15,3
0193,CCDC 2,GC 9.2.3,development,10;15,3
0194,CCDC 2,GC 9.2.4,test,10;15,3
0195,CCDC 2,GC 9.2.5,development,10;15,3
0196,CCDC 2,GC 9.2.6,test,15;19,3
0197,CCDC 2,GC 9.2.7,test,10;15,3
0198,CCDC 2,GC 9.2.8,test,10;15;16,3
0199,CCDC 2,GC 9.2.9,development,15;19,3
0200,CCDC 2,GC 9.3.1,test,17,3
0201,CCDC 2,GC 9.3.2,development,1,3
0202,CCDC 2,GC 9.3.3,test,18,3
0203,CCDC 2,GC 9.4.1,test,1;10,3
0204,CCDC 2,GC 9.4.2,development,,3
0205,CCDC 2,GC 9.4.3,test,,3
0206,CCDC 2,GC 9.4.4,test,,3
0207,CCDC 2,GC 9.4.5,test,,3
0208,CCDC 2,GC 9.5.1,development,10;15,3
0209,CCDC 2,GC 9.5.2,development,10;15;16,3
0210,CCDC 2,GC 9.5.3,test,10;15;18,3
0211,CCDC 2,GC 9.5.4,test,19,3
0212,CCDC 2,GC 10.1.1,test,12,3
0213,CCDC 2,GC 10.1.2,test,18,3
0214,CCDC 2,GC 10.2.1,test,,3
0215,CCDC 2,GC 10.2.2,test,,3
0216,CCDC 2,GC 10.2.3,test,1;8,3
0217,CCDC 2,GC 10.2.4,test,1,3
0218,CCDC 2,GC 10.2.5,test,18,3
0219,CCDC 2,GC 10.2.6,test,10;16,3
0220,CCDC 2,GC 10.2.7,test,18,3
0221,CCDC 2,GC 10.3.1,development,10,3
0222,CCDC 2,GC 10.3.2,test,10,3
0223,CCDC 2,GC 10.4.1,test,,3
0224,CCDC 2,GC 11.1.1,test,10;12;14;16,3
0225,CCDC 2,GC 11.1.2,test,14,3
0226,CCDC 2,GC 11.1.3,test,10;14,3
0227,CCDC 2,GC 11.1.4,development,12;14,3
0228,CCDC 2,GC 11.1.5,test,14,3
0229,CCDC 2,GC 11.1.6,test,14;18,3
0230,CCDC 2,GC 11.1.7,test,14;18,3
0231,CCDC 2,GC 11.1.8,test,14;18,3
0232,CCDC 2,GC 12.1.1,test,1;8,3
0233,CCDC 2,GC 12.1.2,development,1,3
0234,CCDC 2,GC 12.1.3,development,1;16,3
0235,CCDC 2,GC 12.1.4,test,8,3
0236,CCDC 2,GC 12.1.5,test,1;2,3
0237,CCDC 2,GC 12.1.6,test,,3
0238,CCDC 2,GC 12.2.1,development,10,3
0239,CCDC 2,GC 12.2.2,test,,3
0240,CCDC 2,GC 12.2.3,test,10;17,3
0241,CCDC 2,GC 12.2.4,test,1;10,3
0242,CCDC 2,GC 12.3.1,test,16,3
0243,CCDC 2,GC 12.3.2,test,10;16,3
0244,CCDC 2,GC 12.3.3,test,16,3
0245,CCDC 2,GC 12.3.4,development,16,3
0246,CCDC 2,GC 12.3.5,test,10;16,3
0247,CCDC 2,GC 12.3.6,test,10;16,3
0248,CCDC 2,GC 13.1.1,test,10,3
0249,CCDC 2,GC 13.1.2,test,10;14,3
0250,CCDC 2,GC 13.1.3,test,10,3
0251,CCDC 2,GC 13.1.4,test,10;15,3
0252,CCDC 2,GC 13.1.5,test,10,3
0253,CCDC 2,GC 13.1.6,test,10,3
0254,CCDC 2,GC 13.2.1,test,10,3
0255,CCDC 2,GC 13.2.2,test,,3
0256,CCDC 2,GC 13.2.3,test,10;16,3
0257,CCDC 2,GC 13.2.4,test,10;16,3
0258,CCDC 2,GC 13.2.5,test,10,3
0259,CCDC 2,GC 13.2.6,test,19,3
0260,CCDC 2,GC 13.2.7,test,,3
0261,CCDC 2,GC 13.2.8,test,19,3
0262,CCDC 2,GC 13.2.9,development,19,3
0263,CCDC 2,GC 13.2.10,excluded,,3
0264,CCDC 2 CcQ,A-1.1,development,1,3
0265,CCDC 2 CcQ,A-1.2,test,1,3
0266,CCDC 2 CcQ,A-1.3,test,2,3
0267,CCDC 2 CcQ,A-2.1,test,,3
0268,CCDC 2 CcQ,A-2.2,development,6;18,3
0269,CCDC 2 CcQ,A-3.1,development,,3
0270,CCDC 2 CcQ,A-4.1,test,12,3
0271,CCDC 2 CcQ,A-4.2,test,12,3
0272,CCDC 2 CcQ,A-4.3,test,12,3
0273,CCDC 2 CcQ,A-4.4,test,18,3
0274,CCDC 2 CcQ,A-4.5,test,,3
0275,CCDC 2 CcQ,A-5.1,test,12,3
0276,CCDC 2 CcQ,A-5.2,test,12;19,3
0277,CCDC 2 CcQ,A-6.1,test,,3
0278,CCDC 2 CcQ,A-6.2,test,,3
0279,CCDC 2 CcQ,A-6.3,test,,3
0280,CCDC 2 CcQ,A-6.4,test,,3
0281,CCDC 2 CcQ,A-6.5,test,,3
0282,CCDC 2 CcQ,A-7.1,test,,3
0283,CCDC 2 CcQ,A-7.2,test,,3
0284,CCDC 2 CcQ,A-8.1,test,,3
0285,CCDC 2 CcQ,GC 1.1.1,test,1,3
0286,CCDC 2 CcQ,GC 1.1.2,test,5,3
0287,CCDC 2 CcQ,GC 1.1.3,test,1;5,3
0288,CCDC 2 CcQ,GC 1.1.4,test,5;10,3
0289,CCDC 2 CcQ,GC 1.1.5,test,5,3
0290,CCDC 2 CcQ,GC 1.1.6,test,,3
0291,CCDC 2 CcQ,GC 1.1.7,test,,3
0292,CCDC 2 CcQ,GC 1.1.8,test,,3
0293,CCDC 2 CcQ,GC 1.1.9,test,1,3
0294,CCDC 2 CcQ,GC 1.1.10,development,17,3
0295,CCDC 2 CcQ,GC 1.1.11,test,17,3
0296,CCDC 2 CcQ,GC 1.2.1,test,,3
0297,CCDC 2 CcQ,GC 1.3.1,test,,3
0298,CCDC 2 CcQ,GC 1.3.2,test,,3
0299,CCDC 2 CcQ,GC 1.4.1,test,,3
0300,CCDC 2 CcQ,GC 2.1.1,test,,3
0301,CCDC 2 CcQ,GC 2.1.2,test,,3
0302,CCDC 2 CcQ,GC 2.2.1,test,,3
0303,CCDC 2 CcQ,GC 2.2.2,test,8,3
0304,CCDC 2 CcQ,GC 2.2.3,test,,3
0305,CCDC 2 CcQ,GC 2.2.4,test,12,3
0306,CCDC 2 CcQ,GC 2.2.5,test,1;10,3
0307,CCDC 2 CcQ,GC 2.2.6,test,,3
0308,CCDC 2 CcQ,GC 2.2.7,test,19,3
0309,CCDC 2 CcQ,GC 2.2.8,test,,3
0310,CCDC 2 CcQ,GC 2.2.9,development,19,3
0311,CCDC 2 CcQ,GC 2.2.10,test,18,3
0312,CCDC 2 CcQ,GC 2.2.11,test,8;16,3
0313,CCDC 2 CcQ,GC 2.2.12,development,2;5,3
0314,CCDC 2 CcQ,GC 2.2.13,test,5;7,3
0315,CCDC 2 CcQ,GC 2.2.14,development,18,3
0316,CCDC 2 CcQ,GC 2.2.15,development,8,3
0317,CCDC 2 CcQ,GC 2.2.16,test,10,3
0318,CCDC 2 CcQ,GC 2.2.17,development,,3
0319,CCDC 2 CcQ,GC 2.3.1,test,8,3
0320,CCDC 2 CcQ,GC 2.3.2,test,8,3
0321,CCDC 2 CcQ,GC 2.3.3,development,8,3
0322,CCDC 2 CcQ,GC 2.3.4,test,8;16,3
0323,CCDC 2 CcQ,GC 2.3.5,test,8;16,3
0324,CCDC 2 CcQ,GC 2.3.6,test,8,3
0325,CCDC 2 CcQ,GC 2.3.7,test,8;12,3
0326,CCDC 2 CcQ,GC 2.4.1,test,10;16,3
0327,CCDC 2 CcQ,GC 2.4.2,test,10;16,3
0328,CCDC 2 CcQ,GC 2.4.3,test,12;16;19,3
0329,CCDC 2 CcQ,GC 3.1.1,development,1,3
0330,CCDC 2 CcQ,GC 3.1.2,development,1;2,3
0331,CCDC 2 CcQ,GC 3.2.1,development,1,3
0332,CCDC 2 CcQ,GC 3.2.2,test,1;10;14,3
0333,CCDC 2 CcQ,GC 3.2.3,test,1;2,3
0334,CCDC 2 CcQ,GC 3.2.4,test,5;18,3
0335,CCDC 2 CcQ,GC 3.2.5,test,19,3
0336,CCDC 2 CcQ,GC 3.2.6,test,10;16;18,3
0337,CCDC 2 CcQ,GC 3.3.1,test,1;10,3
0338,CCDC 2 CcQ,GC 3.3.2,test,1,3
0339,CCDC 2 CcQ,GC 3.3.3,test,1;5;10,3
0340,CCDC 2 CcQ,GC 3.4.1,test,1;2,3
0341,CCDC 2 CcQ,GC 3.5.1,test,1,3
0342,CCDC 2 CcQ,GC 3.5.2,test,1,3
0343,CCDC 2 CcQ,GC 3.6.1,test,1;10,3
0344,CCDC 2 CcQ,GC 3.6.2,test,1,3
0345,CCDC 2 CcQ,GC 3.6.3,development,1,3
0346,CCDC 2 CcQ,GC 3.6.4,test,18,3
0347,CCDC 2 CcQ,GC 3.6.5,test,10,3
0348,CCDC 2 CcQ,GC 3.6.6,test,12,3
0349,CCDC 2 CcQ,GC 3.7.1,test,1,3
0350,CCDC 2 CcQ,GC 3.7.2,development,1,3
0351,CCDC 2 CcQ,GC 3.7.3,test,1,3
0352,CCDC 2 CcQ,GC 3.8.1,test,1;5,3
0353,CCDC 2 CcQ,GC 3.8.2,test,2;5,3
0354,CCDC 2 CcQ,GC 3.8.3,test,5;7,3
0355,CCDC 2 CcQ,GC 3.8.4,test,5,3
0356,CCDC 2 CcQ,GC 3.8.5,test,5,3
0357,CCDC 2 CcQ,GC 3.8.6,test,5;10,3
0358,CCDC 2 CcQ,GC 3.8.7,development,2;5,3
0359,CCDC 2 CcQ,GC 4.1.1,test,,3
0360,CCDC 2 CcQ,GC 4.1.2,test,12,3
0361,CCDC 2 CcQ,GC 4.1.3,test,12,3
0362,CCDC 2 CcQ,GC 4.1.4,test,12;18,3
0363,CCDC 2 CcQ,GC 4.1.5,test,12;18,3
0364,CCDC 2 CcQ,GC 4.1.6,test,12,3
0365,CCDC 2 CcQ,GC 4.1.7,development,2;3,3
0366,CCDC 2 CcQ,GC 4.2.1,test,12,3
0367,CCDC 2 CcQ,GC 4.2.2,test,12,3
0368,CCDC 2 CcQ,GC 4.2.3,test,18,3
0369,CCDC 2 CcQ,GC 4.2.4,test,18,3
0370,CCDC 2 CcQ,GC 5.1.1,test,12,3
0371,CCDC 2 CcQ,GC 5.1.2,test,12,3
0372,CCDC 2 CcQ,GC 5.2.1,test,12,3
0373,CCDC 2 CcQ,GC 5.2.2,test,12,3
0374,CCDC 2 CcQ,GC 5.2.3,development,12,3
0375,CCDC 2 CcQ,GC 5.2.4,development,12,3
0376,CCDC 2 CcQ,GC 5.2.5,test,12,3
0377,CCDC 2 CcQ,GC 5.2.6,test,12,3
0378,CCDC 2 CcQ,GC 5.2.7,test,12,3
0379,CCDC 2 CcQ,GC 5.2.8,test,9;12,3
0380,CCDC 2 CcQ,GC 5.3.1,test,12,3
0381,CCDC 2 CcQ,GC 5.3.2,test,12,3
0382,CCDC 2 CcQ,GC 5.4.1,test,12,3
0383,CCDC 2 CcQ,GC 5.4.2,test,10;12,3
0384,CCDC 2 CcQ,GC 5.4.3,test,12,3
0385,CCDC 2 CcQ,GC 5.5.1,test,2;12,3
0386,CCDC 2 CcQ,GC 5.6.1,test,12;16,3
0387,CCDC 2 CcQ,GC 6.1.1,test,18,3
0388,CCDC 2 CcQ,GC 6.1.2,test,18,3
0389,CCDC 2 CcQ,GC 6.2.1,test,18,3
0390,CCDC 2 CcQ,GC 6.2.2,development,12;18,3
0391,CCDC 2 CcQ,GC 6.3.1,test,18,3
0392,CCDC 2 CcQ,GC 6.3.2,test,18,3
0393,CCDC 2 CcQ,GC 6.3.3,test,18,3
0394,CCDC 2 CcQ,GC 6.3.4,test,1;18,3
0395,CCDC 2 CcQ,GC 6.3.5,test,18,3
0396,CCDC 2 CcQ,GC 6.3.6,test,18,3
0397,CCDC 2 CcQ,GC 6.3.7,test,12;18,3
0398,CCDC 2 CcQ,GC 6.3.8,test,10;18,3
0399,CCDC 2 CcQ,GC 6.3.9,test,18,3
0400,CCDC 2 CcQ,GC 6.3.10,test,18,3
0401,CCDC 2 CcQ,GC 6.3.11,test,12;18,3
0402,CCDC 2 CcQ,GC 6.3.12,test,18;19,3
0403,CCDC 2 CcQ,GC 6.3.13,test,18,3
0404,CCDC 2 CcQ,GC 6.4.1,test,10;18,3
0405,CCDC 2 CcQ,GC 6.4.2,test,10;18,3
0406,CCDC 2 CcQ,GC 6.4.3,test,18,3
0407,CCDC 2 CcQ,GC 6.4.4,development,10;15,3
0408,CCDC 2 CcQ,GC 6.5.1,test,10;18,3
0409,CCDC 2 CcQ,GC 6.5.2,test,10;18,3
0410,CCDC 2 CcQ,GC 6.5.3,test,10;18,3
0411,CCDC 2 CcQ,GC 6.5.4,test,18,3
0412,CCDC 2 CcQ,GC 6.5.5,test,2;18,3
0413,CCDC 2 CcQ,GC 6.6.1,test,18,3
0414,CCDC 2 CcQ,GC 6.6.2,test,10;18,3
0415,CCDC 2 CcQ,GC 6.6.3,test,18,3
0416,CCDC 2 CcQ,GC 6.6.4,test,18,3
0417,CCDC 2 CcQ,GC 6.6.5,development,18;19,3
0418,CCDC 2 CcQ,GC 6.6.6,test,18;19,3
0419,CCDC 2 CcQ,GC 7.1.1,test,10,3
0420,CCDC 2 CcQ,GC 7.1.2,test,10;16,3
0421,CCDC 2 CcQ,GC 7.1.3,test,10;16,3
0422,CCDC 2 CcQ,GC 7.1.4,test,10;16,3
0423,CCDC 2 CcQ,GC 7.1.5,test,10;12;17,3
0424,CCDC 2 CcQ,GC 7.1.6,test,10;16,3
0425,CCDC 2 CcQ,GC 7.1.7,test,10,3
0426,CCDC 2 CcQ,GC 7.2.1,test,10,3
0427,CCDC 2 CcQ,GC 7.2.2,development,10,3
0428,CCDC 2 CcQ,GC 7.2.3,test,12;19,3
0429,CCDC 2 CcQ,GC 7.2.4,test,10,3
0430,CCDC 2 CcQ,GC 7.2.5,test,10;12,3
0431,CCDC 2 CcQ,GC 8.1.1,test,19,3
0432,CCDC 2 CcQ,GC 8.1.2,test,19,3
0433,CCDC 2 CcQ,GC 8.1.3,test,18;19,3
0434,CCDC 2 CcQ,GC 8.2.1,test,19,3
0435,CCDC 2 CcQ,GC 8.3.1,development,19,3
0436,CCDC 2 CcQ,GC 8.3.2,test,19,3
0437,CCDC 2 CcQ,GC 8.3.3,test,19,3
0438,CCDC 2 CcQ,GC 8.3.4,test,19,3
0439,CCDC 2 CcQ,GC 8.3.5,test,19,3
0440,CCDC 2 CcQ,GC 8.3.6,test,19,3
0441,CCDC 2 CcQ,GC 8.3.7,test,19,3
0442,CCDC 2 CcQ,GC 8.3.8,test,19,3
0443,CCDC 2 CcQ,GC 8.4.1,development,19,3
0444,CCDC 2 CcQ,GC 8.4.2,test,19,3
0445,CCDC 2 CcQ,GC 9.1.1,test,1;10,3
0446,CCDC 2 CcQ,GC 9.1.2,test,1;10,3
0447,CCDC 2 CcQ,GC 9.1.3,test,10;16,3
0448,CCDC 2 CcQ,GC 9.1.4,test,10;18,3
0449,CCDC 2 CcQ,GC 9.2.1,test,10;15,3
0450,CCDC 2 CcQ,GC 9.2.2,test,10;15,3
0451,CCDC 2 CcQ,GC 9.2.3,test,10;15,3
0452,CCDC 2 CcQ,GC 9.2.4,test,10;15,3
0453,CCDC 2 CcQ,GC 9.2.5,test,10;15,3
0454,CCDC 2 CcQ,GC 9.2.6,development,10;15,3
0455,CCDC 2 CcQ,GC 9.2.7,test,10;15;18,3
0456,CCDC 2 CcQ,GC 9.2.8,development,10;15,3
0457,CCDC 2 CcQ,GC 9.2.9,test,15;19,3
0458,CCDC 2 CcQ,GC 9.3.1,test,17,3
0459,CCDC 2 CcQ,GC 9.3.2,test,10,3
0460,CCDC 2 CcQ,GC 9.3.3,test,10;18,3
0461,CCDC 2 CcQ,GC 9.4.1,test,1;10,3
0462,CCDC 2 CcQ,GC 9.4.2,test,1,3
0463,CCDC 2 CcQ,GC 9.4.3,test,,3
0464,CCDC 2 CcQ,GC 9.4.4,test,,3
0465,CCDC 2 CcQ,GC 9.4.5,test,,3
0466,CCDC 2 CcQ,GC 9.5.1,test,1;10,3
0467,CCDC 2 CcQ,GC 9.5.2,test,10;15;16,3
0468,CCDC 2 CcQ,GC 9.5.3,development,10;15,3
0469,CCDC 2 CcQ,GC 9.5.4,test,15;19,3
0470,CCDC 2 CcQ,GC 10.1.1,test,12,3
0471,CCDC 2 CcQ,GC 10.1.2,test,18,3
0472,CCDC 2 CcQ,GC 10.2.1,test,,3
0473,CCDC 2 CcQ,GC 10.2.2,development,,3
0474,CCDC 2 CcQ,GC 10.2.3,test,8,3
0475,CCDC 2 CcQ,GC 10.2.4,test,1,3
0476,CCDC 2 CcQ,GC 10.2.5,development,18,3
0477,CCDC 2 CcQ,GC 10.2.6,test,10;16,3
0478,CCDC 2 CcQ,GC 10.2.7,development,18,3
0479,CCDC 2 CcQ,GC 10.3.1,test,10,3
0480,CCDC 2 CcQ,GC 10.3.2,test,10,3
0481,CCDC 2 CcQ,GC 10.4.1,test,12,3
0482,CCDC 2 CcQ,GC 11.1.1,test,12;14;16,3
0483,CCDC 2 CcQ,GC 11.1.2,test,14,3
0484,CCDC 2 CcQ,GC 11.1.3,test,10;14,3
0485,CCDC 2 CcQ,GC 11.1.4,development,12;14,3
0486,CCDC 2 CcQ,GC 11.1.5,test,14,3
0487,CCDC 2 CcQ,GC 11.1.6,test,14;18,3
0488,CCDC 2 CcQ,GC 11.1.7,test,14;18,3
0489,CCDC 2 CcQ,GC 11.1.8,test,14;18,3
0490,CCDC 2 CcQ,GC 12.1.1,test,1;8,3
0491,CCDC 2 CcQ,GC 12.1.2,test,10,3
0492,CCDC 2 CcQ,GC 12.1.3,test,1;16,3
0493,CCDC 2 CcQ,GC 12.1.4,test,8;10,3
0494,CCDC 2 CcQ,GC 12.1.5,test,2,3
0495,CCDC 2 CcQ,GC 12.1.6,development,,3
0496,CCDC 2 CcQ,GC 12.2.1,test,1,3
0497,CCDC 2 CcQ,GC 12.2.2,test,10,3
0498,CCDC 2 CcQ,GC 12.2.3,test,10,3
0499,CCDC 2 CcQ,GC 12.2.4,test,1;10,3
0500,CCDC 2 CcQ,GC 12.3.1,development,1,3
0501,CCDC 2 CcQ,GC 12.3.2,test,8,3
0502,CCDC 2 CcQ,GC 12.3.3,test,1,3
0503,CCDC 2 CcQ,GC 12.3.4,test,12,3
0504,CCDC 2 CcQ,GC 12.4.1,test,16,3
0505,CCDC 2 CcQ,GC 12.4.2,test,10;16,3
0506,CCDC 2 CcQ,GC 12.4.3,test,16,3
0507,CCDC 2 CcQ,GC 12.4.4,test,16,3
0508,CCDC 2 CcQ,GC 12.4.5,test,10;16,3
0509,CCDC 2 CcQ,GC 12.4.6,test,10;16,3
0510,CCDC 2 CcQ,GC 13.1.1,development,10,3
0511,CCDC 2 CcQ,GC 13.1.2,test,10;14,3
0512,CCDC 2 CcQ,GC 13.1.3,test,10,3
0513,CCDC 2 CcQ,GC 13.1.4,test,10;15,3
0514,CCDC 2 CcQ,GC 13.1.5,test,10;17,3
0515,CCDC 2 CcQ,GC 13.1.6,test,10,3
0516,CCDC 2 CcQ,GC 13.2.1,test,10,3
0517,CCDC 2 CcQ,GC 13.2.2,test,10,3
0518,CCDC 2 CcQ,GC 13.2.3,test,10;15;16,3
0519,CCDC 2 CcQ,GC 13.2.4,test,10;16,3
0520,CCDC 2 CcQ,GC 13.2.5,test,10;15,3
0521,CCDC 2 CcQ,GC 13.2.6,test,19,3
0522,CCDC 2 CcQ,GC 13.2.7,test,,3
0523,CCDC 2 CcQ,GC 13.2.8,test,19,3
0524,CCDC 2 CcQ,GC 13.2.9,test,18,3
0525,CCDC 2 CcQ,GC 13.2.10,test,,3
0526,CCDC 3,A-1.1,test,1,3
0527,CCDC 3,A-1.2,test,1,3
0528,CCDC 3,A-1.3,test,2,3
0529,CCDC 3,A-1.4,test,1;2,3
0530,CCDC 3,A-2.1,development,,3
0531,CCDC 3,A-2.2,development,6;18,3
0532,CCDC 3,A-3.1,test,,3
0533,CCDC 3,A-4.1,test,10;12;13,3
0534,CCDC 3,A-4.2,test,,3
0535,CCDC 3,A-4.3,test,13,3
0536,CCDC 3,A-4.4,test,12,3
0537,CCDC 3,A-4.5,test,12,3
0538,CCDC 3,A-4.6,test,13,3
0539,CCDC 3,A-5.1,test,13,3
0540,CCDC 3,A-6.1,test,12,3
0541,CCDC 3,A-6.2,development,18,3
0542,CCDC 3,A-6.3,test,,3
0543,CCDC 3,A-7.1,test,13;18,3
0544,CCDC 3,A-7.2,test,13,3
0545,CCDC 3,A-7.3,test,13;18,3
0546,CCDC 3,A-7.4,test,13,3
0547,CCDC 3,A-8.1,test,12,3
0548,CCDC 3,A-8.2,test,12;14,3
0549,CCDC 3,A-8.3,test,12;19,3
0550,CCDC 3,A-9.1,test,,3
0551,CCDC 3,A-9.2,test,,3
0552,CCDC 3,A-9.3,test,,3
0553,CCDC 3,A-9.4,test,,3
0554,CCDC 3,A-9.5,test,,3
0555,CCDC 3,A-10.1,test,,3
0556,CCDC 3,A-10.2,development,,3
0557,CCDC 3,A-11.1,test,,3
0558,CCDC 3,GC 1.1.1,development,,3
0559,CCDC 3,GC 1.1.2,test,,3
0560,CCDC 3,GC 1.1.3,test,,3
0561,CCDC 3,GC 1.1.4,test,,3
0562,CCDC 3,GC 1.1.5,test,,3
0563,CCDC 3,GC 1.1.6,test,,3
0564,CCDC 3,GC 1.1.7,test,,3
0565,CCDC 3,GC 1.1.8,test,,3
0566,CCDC 3,GC 1.1.9,test,17,3
0567,CCDC 3,GC 1.1.10,test,17,3
0568,CCDC 3,GC 1.2.1,test,,3
0569,CCDC 3,GC 1.3.1,test,,3
0570,CCDC 3,GC 1.3.2,test,,3
0571,CCDC 3,GC 1.4.1,test,,3
0572,CCDC 3,GC 1.5.1,test,,3
0573,CCDC 3,GC 2.1.1,test,,3
0574,CCDC 3,GC 2.1.2,test,,3
0575,CCDC 3,GC 2.1.3,test,,3
0576,CCDC 3,GC 2.2.1,test,,3
0577,CCDC 3,GC 2.2.2,test,8;10,3
0578,CCDC 3,GC 2.2.3,test,,3
0579,CCDC 3,GC 2.2.4,test,12,3
0580,CCDC 3,GC 2.2.5,test,12,3
0581,CCDC 3,GC 2.2.6,test,1;10,3
0582,CCDC 3,GC 2.2.7,test,,3
0583,CCDC 3,GC 2.2.8,test,19,3
0584,CCDC 3,GC 2.2.9,test,,3
0585,CCDC 3,GC 2.2.10,development,,3
0586,CCDC 3,GC 2.2.11,test,13;18,3
0587,CCDC 3,GC 2.2.12,development,8;10;16,3
0588,CCDC 3,GC 2.2.13,test,2;5,3
0589,CCDC 3,GC 2.2.14,test,5;7,3
0590,CCDC 3,GC 2.2.15,test,18,3
0591,CCDC 3,GC 2.2.16,test,8,3
0592,CCDC 3,GC 2.2.17,test,10,3
0593,CCDC 3,GC 2.2.18,test,10,3
0594,CCDC 3,GC 2.3.1,test,8,3
0595,CCDC 3,GC 2.3.2,test,8,3
0596,CCDC 3,GC 2.3.3,development,8,3
0597,CCDC 3,GC 2.3.4,test,8;16,3
0598,CCDC 3,GC 2.3.5,development,8;16,3
0599,CCDC 3,GC 2.4.1,test,10;16,3
0600,CCDC 3,GC 2.4.2,test,10;12;16,3
0601,CCDC 3,GC 3.1.1,test,1;2;12,3
0602,CCDC 3,GC 3.1.2,development,1,3
0603,CCDC 3,GC 3.1.3,development,1;2,3
0604,CCDC 3,GC 3.2.1,test,1,3
0605,CCDC 3,GC 3.2.2,test,1;14;19,3
0606,CCDC 3,GC 3.2.3,test,1;2,3
0607,CCDC 3,GC 3.2.4,test,1;2,3
0608,CCDC 3,GC 3.2.5,test,5;18,3
0609,CCDC 3,GC 3.2.6,test,19,3
0610,CCDC 3,GC 3.3.1,test,1;10,3
0611,CCDC 3,GC 3.3.2,test,1,3
0612,CCDC 3,GC 3.3.3,test,1;5;10,3
0613,CCDC 3,GC 3.4.1,test,5;10,3
0614,CCDC 3,GC 3.5.1,test,1;2;18,3
0615,CCDC 3,GC 3.6.1,test,1,3
0616,CCDC 3,GC 3.6.2,development,1,3
0617,CCDC 3,GC 3.7.1,test,1;10,3
0618,CCDC 3,GC 3.7.2,test,1,3
0619,CCDC 3,GC 3.7.3,development,13;18,3
0620,CCDC 3,GC 3.7.4,test,1,3
0621,CCDC 3,GC 3.7.5,test,12,3
0622,CCDC 3,GC 3.8.1,test,1,3
0623,CCDC 3,GC 3.8.2,test,1,3
0624,CCDC 3,GC 3.9.1,test,1,3
0625,CCDC 3,GC 3.10.1,test,1;5,3
0626,CCDC 3,GC 3.10.2,test,2;5,3
0627,CCDC 3,GC 3.10.3,test,2,3
0628,CCDC 3,GC 3.10.4,test,5,3
0629,CCDC 3,GC 3.10.5,development,5;7,3
0630,CCDC 3,GC 3.10.6,test,5;7,3
0631,CCDC 3,GC 3.10.7,test,5;8,3
0632,CCDC 3,GC 3.10.8,test,5;7,3
0633,CCDC 3,GC 3.10.9,test,5;8,3
0634,CCDC 3,GC 3.10.10,test,5;10,3
0635,CCDC 3,GC 3.10.11,test,5;7,3
0636,CCDC 3,GC 3.10.12,test,2;5,3
0637,CCDC 3,GC 3.11.1,test,1;9,3
0638,CCDC 3,GC 3.11.2,test,1;10,3
0639,CCDC 3,GC 3.12.1,test,1,3
0640,CCDC 3,GC 3.12.2,test,1;5,3
0641,CCDC 3,GC 3.12.3,test,1,3
0642,CCDC 3,GC 3.13.1,test,1,3
0643,CCDC 3,GC 3.13.2,test,1,3
0644,CCDC 3,GC 3.13.3,test,1,3
0645,CCDC 3,GC 4.1.1,test,13,3
0646,CCDC 3,GC 4.1.2,test,,3
0647,CCDC 3,GC 4.1.3,test,12,3
0648,CCDC 3,GC 4.1.4,test,12,3
0649,CCDC 3,GC 4.1.5,test,12,3
0650,CCDC 3,GC 4.1.6,test,12,3
0651,CCDC 3,GC 4.1.7,test,13;18,3
0652,CCDC 3,GC 4.1.8,test,2;3;4,3
0653,CCDC 3,GC 5.1.1,test,12,3
0654,CCDC 3,GC 5.1.2,test,12,3
0655,CCDC 3,GC 5.2.1,test,12,3
0656,CCDC 3,GC 5.2.2,development,12,3
0657,CCDC 3,GC 5.3.1,test,12,3
0658,CCDC 3,GC 5.3.2,test,12,3
0659,CCDC 3,GC 5.3.3,test,12,3
0660,CCDC 3,GC 5.3.4,test,12,3
0661,CCDC 3,GC 5.3.5,test,12,3
0662,CCDC 3,GC 5.3.6,test,12,3
0663,CCDC 3,GC 5.3.7,test,9;12,3
0664,CCDC 3,GC 5.4.1,test,12,3
0665,CCDC 3,GC 5.5.1,test,12;16,3
0666,CCDC 3,GC 5.5.2,test,12,3
0667,CCDC 3,GC 5.5.3,test,2,3
0668,CCDC 3,GC 5.6.1,test,12,3
0669,CCDC 3,GC 5.6.2,test,12,3
0670,CCDC 3,GC 5.6.3,test,12,3
0671,CCDC 3,GC 5.6.4,test,12,3
0672,CCDC 3,GC 5.6.5,test,12,3
0673,CCDC 3,GC 5.7.1,test,12,3
0674,CCDC 3,GC 5.7.2,test,12,3
0675,CCDC 3,GC 5.7.3,test,10;12;16,3
0676,CCDC 3,GC 5.8.1,test,12,3
0677,CCDC 3,GC 5.8.2,development,12,3
0678,CCDC 3,GC 5.8.3,test,12,3
0679,CCDC 3,GC 5.8.4,test,12,3
0680,CCDC 3,GC 5.9.1,test,12,3
0681,CCDC 3,GC 5.10.1,test,10;16,3
0682,CCDC 3,GC 6.1.1,development,18,3
0683,CCDC 3,GC 6.1.2,test,18,3
0684,CCDC 3,GC 6.1.3,development,13;18,3
0685,CCDC 3,GC 6.2.1,test,13;18,3
0686,CCDC 3,GC 6.2.2,test,12;13;18,3
0687,CCDC 3,GC 6.3.1,test,13;18,3
0688,CCDC 3,GC 6.3.2,test,18,3
0689,CCDC 3,GC 6.3.3,test,18,3
0690,CCDC 3,GC 6.3.4,test,1;18,3
0691,CCDC 3,GC 6.3.5,test,18;19,3
0692,CCDC 3,GC 6.3.6,test,12;13;18,3
0693,CCDC 3,GC 6.3.7,test,13;18,3
0694,CCDC 3,GC 6.4.1,development,10;18,3
0695,CCDC 3,GC 6.4.2,test,10;13;18,3
0696,CCDC 3,GC 6.4.3,test,13;18,3
0697,CCDC 3,GC 6.4.4,test,15;18,3
0698,CCDC 3,GC 6.5.1,test,13;18,3
0699,CCDC 3,GC 6.5.2,test,13;18,3
0700,CCDC 3,GC 6.5.3,development,10;13;18,3
0701,CCDC 3,GC 6.5.4,test,18,3
0702,CCDC 3,GC 6.5.5,development,2;18,3
0703,CCDC 3,GC 6.6.1,test,13;18,3
0704,CCDC 3,GC 6.6.2,test,10;18,3
0705,CCDC 3,GC 6.6.3,test,18,3
0706,CCDC 3,GC 6.6.4,test,18,3
0707,CCDC 3,GC 6.6.5,test,18;19,3
0708,CCDC 3,GC 6.6.6,test,18;19,3
0709,CCDC 3,GC 7.1.1,test,10,3
0710,CCDC 3,GC 7.1.2,test,1;10,3
0711,CCDC 3,GC 7.1.3,test,10,3
0712,CCDC 3,GC 7.1.4,test,10;16,3
0713,CCDC 3,GC 7.1.5,test,10;12;17,3
0714,CCDC 3,GC 7.1.6,test,10;17,3
0715,CCDC 3,GC 7.1.7,test,,3
0716,CCDC 3,GC 7.1.8,development,10,3
0717,CCDC 3,GC 7.1.9,test,12,3
0718,CCDC 3,GC 7.1.10,test,10;16,3
0719,CCDC 3,GC 7.2.1,test,,3
0720,CCDC 3,GC 7.2.2,test,19,3
0721,CCDC 3,GC 7.2.3,development,10;12,3
0722,CCDC 3,GC 7.2.4,test,,3
0723,CCDC 3,GC 7.2.5,test,12,3
0724,CCDC 3,GC 8.1.1,test,19,3
0725,CCDC 3,GC 8.1.2,development,19,3
0726,CCDC 3,GC 8.1.3,test,1;19,3
0727,CCDC 3,GC 8.2.1,test,19,3
0728,CCDC 3,GC 8.2.2,test,19,3
0729,CCDC 3,GC 8.2.3,test,19,3
0730,CCDC 3,GC 8.2.4,development,19,3
0731,CCDC 3,GC 8.2.5,test,19,3
0732,CCDC 3,GC 8.2.6,test,19,3
0733,CCDC 3,GC 8.2.7,test,19,3
0734,CCDC 3,GC 8.2.8,test,19,3
0735,CCDC 3,GC 8.3.1,test,19,3
0736,CCDC 3,GC 8.3.2,test,19,3
0737,CCDC 3,GC 9.1.1,test,10,3
0738,CCDC 3,GC 9.1.2,test,1;10,3
0739,CCDC 3,GC 9.1.3,test,10;16,3
0740,CCDC 3,GC 9.1.4,development,10;13;18,3
0741,CCDC 3,GC 9.2.1,test,10;15,3
0742,CCDC 3,GC 9.2.2,test,10;15,3
0743,CCDC 3,GC 9.2.3,test,10;15,3
0744,CCDC 3,GC 9.2.4,test,10;15,3
0745,CCDC 3,GC 9.2.5,test,10;15,3
0746,CCDC 3,GC 9.2.6,development,15;19,3
0747,CCDC 3,GC 9.2.7,test,10;15;18,3
0748,CCDC 3,GC 9.2.8,test,10;15,3
0749,CCDC 3,GC 9.2.9,test,15;19,3
0750,CCDC 3,GC 9.3.1,development,17,3
0751,CCDC 3,GC 9.3.2,development,1,3
0752,CCDC 3,GC 9.3.3,test,10;18,3
0753,CCDC 3,GC 9.4.1,test,1,3
0754,CCDC 3,GC 9.5.1,test,10;15,3
0755,CCDC 3,GC 9.5.2,test,10;15;16,3
0756,CCDC 3,GC 9.5.3,test,10;15,3
0757,CCDC 3,GC 9.5.4,test,15;19,3
0758,CCDC 3,GC 10.1.1,test,,3
0759,CCDC 3,GC 10.2.1,test,,3
0760,CCDC 3,GC 10.2.2,test,,3
0761,CCDC 3,GC 10.2.3,test,8;12,3
0762,CCDC 3,GC 10.2.4,test,1,3
0763,CCDC 3,GC 10.2.5,development,10;18,3
0764,CCDC 3,GC 10.2.6,test,10;16,3
0765,CCDC 3,GC 10.2.7,test,13;18,3
0766,CCDC 3,GC 10.3.1,test,10,3
0767,CCDC 3,GC 10.3.2,test,10,3
0768,CCDC 3,GC 10.4.1,test,12,3
0769,CCDC 3,GC 10.4.2,test,,3
0770,CCDC 3,GC 11.1.1,test,10;14,3
0771,CCDC 3,GC 11.1.2,test,14,3
0772,CCDC 3,GC 11.1.3,development,14,3
0773,CCDC 3,GC 11.1.4,test,14;18,3
0774,CCDC 3,GC 11.1.5,test,14;18,3
0775,CCDC 3,GC 11.1.6,test,14;18,3
0776,CCDC 3,GC 11.2.1,development,,3
0777,CCDC 3,GC 11.2.2,test,,3
0778,CCDC 3,GC 12.1.1,test,10,3
0779,CCDC 3,GC 12.1.2,test,10;14,3
0780,CCDC 3,GC 12.1.3,test,10,3
0781,CCDC 3,GC 12.1.4,test,10;15,3
0782,CCDC 3,GC 12.1.5,test,10,3
0783,CCDC 3,GC 12.1.6,test,10;17,3
0784,CCDC 3,GC 12.1.7,test,10,3
0785,CCDC 3,GC 12.2.1,test,10,3
0786,CCDC 3,GC 12.2.2,test,10,3
0787,CCDC 3,GC 12.2.3,development,10;16,3
0788,CCDC 3,GC 12.2.4,test,10,3
0789,CCDC 3,GC 12.2.5,test,10;19,3
0790,CCDC 3,GC 12.2.6,development,19,3
0791,CCDC 3,GC 12.2.7,test,19,3
0792,CCDC 3,GC 12.2.8,test,19,3
0793,CCDC 3,GC 12.2.9,test,,3
0794,CCDC 3,GC 12.2.10,test,19,3
0795,CCDC 3,GC 12.3.1,test,16,3
0796,CCDC 3,GC 12.3.2,test,10;16,3
0797,CCDC 3,GC 12.3.3,development,16,3
0798,CCDC 3,GC 12.3.4,test,10;16,3
0799,CCDC 3,GC 12.3.5,development,10;16,3
0800,CCDC 3,GC 12.3.6,test,10;16,3
0801,CCDC 5A,A-1.1,test,,3
0802,CCDC 5A,A-1.2,test,1,3
0803,CCDC 5A,A-1.3,test,1;2,3
0804,CCDC 5A,A-2.1,test,,3
0805,CCDC 5A,A-2.2,test,6;18,3
0806,CCDC 5A,A-3.1,test,,3
0807,CCDC 5A,A-4.1,test,,3
0808,CCDC 5A,A-5.1,test,,3
0809,CCDC 5A,A-5.2,test,12,3
0810,CCDC 5A,A-5.3,test,12,3
0811,CCDC 5A,A-5.4,test,,3
0812,CCDC 5A,A-5.5,test,,3
0813,CCDC 5A,A-6.1,test,12,3
0814,CCDC 5A,A-6.2,development,12;19,3
0815,CCDC 5A,A-7.1,test,,3
0816,CCDC 5A,A-7.2,test,,3
0817,CCDC 5A,A-7.3,test,,3
0818,CCDC 5A,A-7.4,test,,3
0819,CCDC 5A,A-7.5,development,,3
0820,CCDC 5A,A-8.1,test,,3
0821,CCDC 5A,A-8.2,test,,3
0822,CCDC 5A,A-9.1,test,,3
0823,CCDC 5A,GC 1.1.1,test,,3
0824,CCDC 5A,GC 1.1.2,test,,3
0825,CCDC 5A,GC 1.2.1,test,,3
0826,CCDC 5A,GC 1.3.1,test,,3
0827,CCDC 5A,GC 1.3.2,test,,3
0828,CCDC 5A,GC 1.4.1,test,,3
0829,CCDC 5A,GC 1.5.1,development,,3
0830,CCDC 5A,GC 2.1.1,test,,3
0831,CCDC 5A,GC 2.1.2,test,,3
0832,CCDC 5A,GC 2.1.3,test,10,3
0833,CCDC 5A,GC 2.1.4,test,,3
0834,CCDC 5A,GC 2.1.5,test,1;19,3
0835,CCDC 5A,GC 2.1.6,test,5,3
0836,CCDC 5A,GC 3.1.1,test,1;5;12;16,3
0837,CCDC 5A,GC 4.1.1,test,12,3
0838,CCDC 5A,GC 4.1.2,test,12,3
0839,CCDC 5A,GC 4.1.3,test,12,3
0840,CCDC 5A,GC 4.1.4,test,12,3
0841,CCDC 5A,GC 4.2.1,test,12,3
0842,CCDC 5A,GC 4.2.2,test,12;19,3
0843,CCDC 5A,GC 4.2.3,development,12;13,3
0844,CCDC 5A,GC 4.2.4,development,12,3
0845,CCDC 5A,GC 4.3.1,test,12,3
0846,CCDC 5A,GC 4.3.2,test,12,3
0847,CCDC 5A,GC 4.3.3,test,12;13,3
0848,CCDC 5A,GC 5.1.1,test,18,3
0849,CCDC 5A,GC 5.1.2,test,18,3
0850,CCDC 5A,GC 5.1.3,test,18,3
0851,CCDC 5A,GC 5.1.4,test,12;18,3
0852,CCDC 5A,GC 5.1.5,test,18;19,3
0853,CCDC 5A,GC 6.1.1,test,,3
0854,CCDC 5A,GC 6.1.2,development,10,3
0855,CCDC 5A,GC 6.1.3,test,10,3
0856,CCDC 5A,GC 6.1.4,test,10,3
0857,CCDC 5A,GC 6.1.5,development,12,3
0858,CCDC 5A,GC 6.1.6,test,,3
0859,CCDC 5A,GC 6.1.7,test,12,3
0860,CCDC 5A,GC 6.2.1,test,,3
0861,CCDC 5A,GC 6.2.2,test,10,3
0862,CCDC 5A,GC 6.2.3,development,10;12,3
0863,CCDC 5A,GC 6.2.4,test,10,3
0864,CCDC 5A,GC 6.2.5,test,10,3
0865,CCDC 5A,GC 6.2.6,test,12,3
0866,CCDC 5A,GC 7.1.1,test,19,3
0867,CCDC 5A,GC 7.1.2,test,19,3
0868,CCDC 5A,GC 7.1.3,test,19,3
0869,CCDC 5A,GC 7.1.4,test,19,3
0870,CCDC 5A,GC 7.1.5,test,19,3
0871,CCDC 5A,GC 7.1.6,test,19,3
0872,CCDC 5A,GC 7.1.7,test,19,3
0873,CCDC 5A,GC 7.1.8,test,19,3
0874,CCDC 5A,GC 7.1.9,test,19,3
0875,CCDC 5A,GC 8.1.1,test,14,3
0876,CCDC 5A,GC 8.1.2,test,10;14,3
0877,CCDC 5A,GC 8.1.3,development,14,3
0878,CCDC 5A,GC 8.1.4,test,14,3
0879,CCDC 5A,GC 8.1.5,test,14,3
0880,CCDC 5A,GC 8.1.6,test,10;14,3
0881,CCDC 5A,GC 8.1.7,test,14,3
0882,CCDC 5A,GC 9.1.1,test,1;8,3
0883,CCDC 5A,GC 9.1.2,test,1,3
0884,CCDC 5A,GC 9.1.3,test,8;16,3
0885,CCDC 5A,GC 9.1.4,test,8;10,3
0886,CCDC 5A,GC 9.1.5,development,1;2,3
0887,CCDC 5A,GC 9.1.6,test,2,3
0888,CCDC 5A,GC 9.1.7,test,,3
0889,CCDC 5A,GC 9.2.1,test,1;10,3
0890,CCDC 5A,GC 9.2.2,development,10,3
0891,CCDC 5A,GC 9.2.3,test,1,3
0892,CCDC 5A,GC 10.1.1,test,10,3
0893,CCDC 5A,GC 10.1.2,test,10,3
0894,CCDC 5A,GC 10.1.3,test,10,3
0895,CCDC 5A,GC 10.2.1,test,10;14,3
0896,CCDC 5A,GC 10.2.2,development,10;15,3
0897,CCDC 5A,GC 10.2.3,development,10;12,3
0898,CCDC 5A,GC 10.3.1,test,10;19,3
0899,CCDC 5A,GC 10.3.2,test,10,3
0900,CCDC 5A,GC 10.3.3,test,10;16,3
0901,CCDC 5A,GC 10.3.4,test,10,3
0902,CCDC 5A,GC 10.3.5,test,10,3
0903,CCDC 5A,GC 10.3.6,development,19,3
0904,CCDC 5A,GC 10.3.7,test,19,3
0905,CCDC 5A,GC 10.3.8,test,19,3
0906,CCDC 5A,GC 10.3.9,test,,3
0907,CCDC 5B,A-1.1,test,1,3
0908,CCDC 5B,A-1.2,test,1,3
0909,CCDC 5B,A-1.3,test,1;2,3
0910,CCDC 5B,A-1.4,test,1;2,3
0911,CCDC 5B,A-2.1,test,,3
0912,CCDC 5B,A-2.2,test,6;18,3
0913,CCDC 5B,A-3.1,test,,3
0914,CCDC 5B,A-4.1,test,,3
0915,CCDC 5B,A-5.1,test,12,3
0916,CCDC 5B,A-5.2,test,10;13,3
0917,CCDC 5B,A-6.1,test,12,3
0918,CCDC 5B,A-6.2,test,12,3
0919,CCDC 5B,A-6.3,test,12,3
0920,CCDC 5B,A-6.4,test,,3
0921,CCDC 5B,A-7.1,test,12,3
0922,CCDC 5B,A-8.1,development,12;13;14,3
0923,CCDC 5B,A-8.2,test,10;12,3
0924,CCDC 5B,A-8.3,test,12,3
0925,CCDC 5B,A-8.4,test,12,3
0926,CCDC 5B,A-8.5,test,12,3
0927,CCDC 5B,A-9.1,test,12,3
0928,CCDC 5B,A-9.2,test,12;18,3
0929,CCDC 5B,A-9.3,test,,3
0930,CCDC 5B,A-10.1,test,13;18,3
0931,CCDC 5B,A-10.2,test,13;18,3
0932,CCDC 5B,A-10.3,test,13;18,3
0933,CCDC 5B,A-10.4,test,13;18,3
0934,CCDC 5B,A-11.1,test,12,3
0935,CCDC 5B,A-11.2,test,12;19,3
0936,CCDC 5B,A-12.1,test,,3
0937,CCDC 5B,A-12.2,test,,3
0938,CCDC 5B,A-12.3,test,,3
0939,CCDC 5B,A-12.4,test,,3
0940,CCDC 5B,A-12.5,test,,3
0941,CCDC 5B,A-13.1,test,,3
0942,CCDC 5B,A-13.2,development,,3
0943,CCDC 5B,A-14.1,test,,3
0944,CCDC 5B,GC 1.1.1,test,1,3
0945,CCDC 5B,GC 1.1.2,test,5,3
0946,CCDC 5B,GC 1.1.3,test,1;5,3
0947,CCDC 5B,GC 1.1.4,development,5;10,3
0948,CCDC 5B,GC 1.1.5,test,,3
0949,CCDC 5B,GC 1.1.6,test,,3
0950,CCDC 5B,GC 1.1.7,test,,3
0951,CCDC 5B,GC 1.1.8,test,,3
0952,CCDC 5B,GC 1.1.9,development,1,3
0953,CCDC 5B,GC 1.1.10,test,17,3
0954,CCDC 5B,GC 1.1.11,test,17,3
0955,CCDC 5B,GC 1.2.1,test,,3
0956,CCDC 5B,GC 1.3.1,test,,3
0957,CCDC 5B,GC 1.3.2,test,,3
0958,CCDC 5B,GC 1.4.1,development,,3
0959,CCDC 5B,GC 1.5.1,test,10,3
0960,CCDC 5B,GC 1.5.2,test,,3
0961,CCDC 5B,GC 1.6.1,test,,3
0962,CCDC 5B,GC 2.1.1,test,5,3
0963,CCDC 5B,GC 2.1.2,test,,3
0964,CCDC 5B,GC 2.1.3,development,,3
0965,CCDC 5B,GC 2.1.4,test,1;5,3
0966,CCDC 5B,GC 2.1.5,test,1;10,3
0967,CCDC 5B,GC 2.1.6,test,1,3
0968,CCDC 5B,GC 2.1.7,test,1,3
0969,CCDC 5B,GC 2.1.8,test,16,3
0970,CCDC 5B,GC 2.1.9,development,10,3
0971,CCDC 5B,GC 2.2.1,development,,3
0972,CCDC 5B,GC 2.2.2,test,,3
0973,CCDC 5B,GC 2.3.1,test,,3
0974,CCDC 5B,GC 2.3.2,test,8;10,3
0975,CCDC 5B,GC 2.3.3,test,12,3
0976,CCDC 5B,GC 2.3.4,test,12,3
0977,CCDC 5B,GC 2.3.5,development,1;10,3
0978,CCDC 5B,GC 2.3.6,test,,3
0979,CCDC 5B,GC 2.3.7,test,19,3
0980,CCDC 5B,GC 2.3.8,test,,3
0981,CCDC 5B,GC 2.3.9,test,,3
0982,CCDC 5B,GC 2.3.10,test,18,3
0983,CCDC 5B,GC 2.3.11,development,8;10;16,3
0984,CCDC 5B,GC 2.3.12,test,2;5,3
0985,CCDC 5B,GC 2.3.13,development,5;8,3
0986,CCDC 5B,GC 2.3.14,test,18,3
0987,CCDC 5B,GC 2.3.15,test,8,3
0988,CCDC 5B,GC 2.3.16,test,10,3
0989,CCDC 5B,GC 2.3.17,test,,3
0990,CCDC 5B,GC 2.3.18,test,,3
0991,CCDC 5B,GC 2.4.1,test,8,3
0992,CCDC 5B,GC 2.4.2,development,8,3
0993,CCDC 5B,GC 2.4.3,test,8,3
0994,CCDC 5B,GC 2.4.4,test,8;16,3
0995,CCDC 5B,GC 2.4.5,test,8;12;16,3
0996,CCDC 5B,GC 2.4.6-A,test,8;10,3
0997,CCDC 5B,GC 2.4.7-A,development,8;12,3
0998,CCDC 5B,GC 2.5.1,test,16,3
0999,CCDC 5B,GC 2.5.2,test,16,3
1000,CCDC 5B,GC 2.5.3,test,10;12;16,3
1001,CCDC 5B,GC 3.1.1,test,1;12,3
1002,CCDC 5B,GC 3.1.2,development,1,3
1003,CCDC 5B,GC 3.1.3,test,1;2,3
1004,CCDC 5B,GC 3.2.1,test,1,3
1005,CCDC 5B,GC 3.2.2,test,1;10;14,3
1006,CCDC 5B,GC 3.2.3,test,1;2,3
1007,CCDC 5B,GC 3.2.4,development,5;18,3
1008,CCDC 5B,GC 3.2.5,test,19,3
1009,CCDC 5B,GC 3.2.6,test,2;10;16;18,3
1010,CCDC 5B,GC 3.3.1,test,1;10,3
1011,CCDC 5B,GC 3.3.2,test,1,3
1012,CCDC 5B,GC 3.3.3,test,1;5;10,3
1013,CCDC 5B,GC 3.4.1,test,1;2,3
1014,CCDC 5B,GC 3.5.1,test,1,3
1015,CCDC 5B,GC 3.5.2,test,1,3
1016,CCDC 5B,GC 3.6.1,test,1;10,3
1017,CCDC 5B,GC 3.6.2,test,1,3
1018,CCDC 5B,GC 3.6.3,test,1;18,3
1019,CCDC 5B,GC 3.6.4,test,10,3
1020,CCDC 5B,GC 3.6.5,test,12,3
1021,CCDC 5B,GC 3.6.6-A,test,1,3
1022,CCDC 5B,GC 3.7.1,development,1,3
1023,CCDC 5B,GC 3.7.2,test,1,3
1024,CCDC 5B,GC 3.7.3-A,test,1,3
1025,CCDC 5B,GC 3.8.1,test,1;5,3
1026,CCDC 5B,GC 3.8.2,test,2;5,3
1027,CCDC 5B,GC 3.8.3,test,5;7,3
1028,CCDC 5B,GC 3.8.4,test,5;7,3
1029,CCDC 5B,GC 3.8.5,test,5;7,3
1030,CCDC 5B,GC 3.8.6,development,5;10,3
1031,CCDC 5B,GC 3.8.7,test,2;5,3
1032,CCDC 5B,GC 4.1.1-A,test,12;13,3
1033,CCDC 5B,GC 4.1.2-A,test,12;13,3
1034,CCDC 5B,GC 4.1.3-A,test,12,3
1035,CCDC 5B,GC 4.1.4-A,test,12;18,3
1036,CCDC 5B,GC 4.1.5-A,test,13;18,3
1037,CCDC 5B,GC 4.1.6-A,test,12,3
1038,CCDC 5B,GC 4.1.7-A,development,2;3;4,3
1039,CCDC 5B,GC 5.1.1,test,12,3
1040,CCDC 5B,GC 5.1.2,test,12,3
1041,CCDC 5B,GC 5.2.1,test,12,3
1042,CCDC 5B,GC 5.2.2,test,12,3
1043,CCDC 5B,GC 5.3.1,test,12,3
1044,CCDC 5B,GC 5.3.2,development,12,3
1045,CCDC 5B,GC 5.4.1,development,12,3
1046,CCDC 5B,GC 5.4.2,test,12,3
1047,CCDC 5B,GC 5.4.3,test,12,3
1048,CCDC 5B,GC 5.4.4,test,12,3
1049,CCDC 5B,GC 5.4.5,test,12,3
1050,CCDC 5B,GC 5.4.6-A,test,12,3
1051,CCDC 5B,GC 5.4.7-A,test,12,3
1052,CCDC 5B,GC 5.4.8-A,test,12,3
1053,CCDC 5B,GC 5.4.9-A,development,9;12,3
1054,CCDC 5B,GC 5.5.1,test,12,3
1055,CCDC 5B,GC 5.6.1,test,12,3
1056,CCDC 5B,GC 5.6.2,test,12,3
1057,CCDC 5B,GC 5.6.3,test,12,3
1058,CCDC 5B,GC 5.6.4,test,12,3
1059,CCDC 5B,GC 5.6.5,test,12,3
1060,CCDC 5B,GC 5.6.6,test,10;12;16,3
1061,CCDC 5B,GC 5.7.1,test,12,3
1062,CCDC 5B,GC 5.7.2,test,12,3
1063,CCDC 5B,GC 5.7.3,test,12,3
1064,CCDC 5B,GC 5.7.4,test,12,3
1065,CCDC 5B,GC 5.8.1,test,2;12,3
1066,CCDC 5B,GC 5.9.1,test,10;16,3
1067,CCDC 5B,GC 6.1.1,development,18,3
1068,CCDC 5B,GC 6.1.2,test,18,3
1069,CCDC 5B,GC 6.1.3,test,18,3
1070,CCDC 5B,GC 6.2.1,development,18,3
1071,CCDC 5B,GC 6.2.2,test,12;18,3
1072,CCDC 5B,GC 6.3.1,test,18,3
1073,CCDC 5B,GC 6.3.2,test,18,3
1074,CCDC 5B,GC 6.3.3,test,18,3
1075,CCDC 5B,GC 6.3.4-A,test,1;18,3
1076,CCDC 5B,GC 6.3.5-A,test,18,3
1077,CCDC 5B,GC 6.3.6-A,test,13;18,3
1078,CCDC 5B,GC 6.3.7-A,test,18;19,3
1079,CCDC 5B,GC 6.3.8-A,test,18,3
1080,CCDC 5B,GC 6.3.9-A,test,12;18,3
1081,CCDC 5B,GC 6.3.10-A,test,18,3
1082,CCDC 5B,GC 6.3.11-A,test,12;18,3
1083,CCDC 5B,GC 6.4.1,test,10;18,3
1084,CCDC 5B,GC 6.4.2,test,10;18,3
1085,CCDC 5B,GC 6.4.3,test,18,3
1086,CCDC 5B,GC 6.4.4,test,15;18,3
1087,CCDC 5B,GC 6.5.1,test,10;18,3
1088,CCDC 5B,GC 6.5.2,test,10;18,3
1089,CCDC 5B,GC 6.5.3,test,10;18,3
1090,CCDC 5B,GC 6.5.4,test,18,3
1091,CCDC 5B,GC 6.5.5,test,2;18,3
1092,CCDC 5B,GC 6.6.1,test,18,3
1093,CCDC 5B,GC 6.6.2,test,10;18,3
1094,CCDC 5B,GC 6.6.3,test,18;19,3
1095,CCDC 5B,GC 6.6.4,test,18,3
1096,CCDC 5B,GC 6.6.5,test,18;19,3
1097,CCDC 5B,GC 6.6.6,test,18;19,3
1098,CCDC 5B,GC 7.1.1,test,10,3
1099,CCDC 5B,GC 7.1.2,development,1;10,3
1100,CCDC 5B,GC 7.1.3,test,2;10,3
1101,CCDC 5B,GC 7.1.4,test,10;12;16,3
1102,CCDC 5B,GC 7.1.5,development,10;12;17,3
1103,CCDC 5B,GC 7.1.6-A,test,10;17,3
1104,CCDC 5B,GC 7.1.7-A,test,10;16,3
1105,CCDC 5B,GC 7.1.8-A,test,10,3
1106,CCDC 5B,GC 7.1.9-A,test,10;12,3
1107,CCDC 5B,GC 7.2.1,test,10,3
1108,CCDC 5B,GC 7.2.2,test,10,3
1109,CCDC 5B,GC 7.2.3,development,10;12,3
1110,CCDC 5B,GC 7.2.4,test,10,3
1111,CCDC 5B,GC 7.2.5,test,10;12,3
1112,CCDC 5B,GC 8.1.1,test,19,3
1113,CCDC 5B,GC 8.1.2,development,19,3
1114,CCDC 5B,GC 8.1.3-A,test,1;18;19,3
1115,CCDC 5B,GC 8.2.1,test,19,3
1116,CCDC 5B,GC 8.3.1,test,19,3
1117,CCDC 5B,GC 8.3.2,test,19,3
1118,CCDC 5B,GC 8.3.3,test,19,3
1119,CCDC 5B,GC 8.3.4,test,19,3
1120,CCDC 5B,GC 8.3.5,test,19,3
1121,CCDC 5B,GC 8.3.6,test,19,3
1122,CCDC 5B,GC 8.3.7,test,19,3
1123,CCDC 5B,GC 8.3.8,development,19,3
1124,CCDC 5B,GC 8.4.1,test,19,3
1125,CCDC 5B,GC 8.4.2,test,19,3
1126,CCDC 5B,GC 9.1.1,test,1;10,3
1127,CCDC 5B,GC 9.1.2,test,1;10,3
1128,CCDC 5B,GC 9.1.3,test,10;16,3
1129,CCDC 5B,GC 9.1.4,development,10;18,3
1130,CCDC 5B,GC 9.2.1,development,10;15,3
1131,CCDC 5B,GC 9.2.2,test,15,3
1132,CCDC 5B,GC 9.2.3,test,10;15,3
1133,CCDC 5B,GC 9.2.4,test,10;15,3
1134,CCDC 5B,GC 9.2.5,test,10;15,3
1135,CCDC 5B,GC 9.2.6,test,15;19,3
1136,CCDC 5B,GC 9.2.7,test,10;15;18,3
1137,CCDC 5B,GC 9.2.8,test,10;15,3
1138,CCDC 5B,GC 9.2.9,test,15;19,3
1139,CCDC 5B,GC 9.3.1,test,17,3
1140,CCDC 5B,GC 9.3.2,test,10,3
1141,CCDC 5B,GC 9.3.3,test,18,3
1142,CCDC 5B,GC 9.4.1,test,1,3
1143,CCDC 5B,GC 9.4.2,test,1,3
1144,CCDC 5B,GC 9.4.3,test,,3
1145,CCDC 5B,GC 9.4.4,test,,3
1146,CCDC 5B,GC 9.4.5,test,10,3
1147,CCDC 5B,GC 9.5.1,test,1;10;15,3
1148,CCDC 5B,GC 9.5.2,test,10;15;16,3
1149,CCDC 5B,GC 9.5.3,test,10;15,3
1150,CCDC 5B,GC 9.5.4,development,19,3
1151,CCDC 5B,GC 10.1.1-A,development,13,3
1152,CCDC 5B,GC 10.1.2-A,test,13;18,3
1153,CCDC 5B,GC 10.2.1,test,,3
1154,CCDC 5B,GC 10.2.2,development,10,3
1155,CCDC 5B,GC 10.2.3,test,1;8,3
1156,CCDC 5B,GC 10.2.4,test,1,3
1157,CCDC 5B,GC 10.2.5,test,10;18,3
1158,CCDC 5B,GC 10.2.6,test,10;16,3
1159,CCDC 5B,GC 10.2.7-A,test,13;18,3
1160,CCDC 5B,GC 10.3.1,test,10,3
1161,CCDC 5B,GC 10.3.2,test,10,3
1162,CCDC 5B,GC 10.4.1,test,12,3
1163,CCDC 5B,GC 11.1.1,development,10;14,3
1164,CCDC 5B,GC 11.1.2,test,14,3
1165,CCDC 5B,GC 11.1.3,test,10;14,3
1166,CCDC 5B,GC 11.1.4,test,12;14,3
1167,CCDC 5B,GC 11.1.5,test,14,3
1168,CCDC 5B,GC 11.1.6,development,14;18,3
1169,CCDC 5B,GC 11.1.7,test,14;18,3
1170,CCDC 5B,GC 11.1.8,test,14;18,3
1171,CCDC 5B,GC 12.1.1,test,1;8,3
1172,CCDC 5B,GC 12.1.2,test,1;2,3
1173,CCDC 5B,GC 12.1.3,test,1;16,3
1174,CCDC 5B,GC 12.1.4,test,8;10,3
1175,CCDC 5B,GC 12.1.5,test,1;2,3
1176,CCDC 5B,GC 12.1.6,test,,3
1177,CCDC 5B,GC 12.2.1,test,10,3
1178,CCDC 5B,GC 12.2.2,test,10,3
1179,CCDC 5B,GC 12.2.3,test,10;17,3
1180,CCDC 5B,GC 12.2.4,test,1,3
1181,CCDC 5B,GC 12.3.1,test,16,3
1182,CCDC 5B,GC 12.3.2,development,10;16,3
1183,CCDC 5B,GC 12.3.3,development,16,3
1184,CCDC 5B,GC 12.3.4,test,16,3
1185,CCDC 5B,GC 12.3.5,test,16,3
1186,CCDC 5B,GC 12.3.6,test,10;16,3
1187,CCDC 5B,GC 12.3.7,development,16,3
1188,CCDC 5B,GC 13.1.1,test,10,3
1189,CCDC 5B,GC 13.1.2,test,10,3
1190,CCDC 5B,GC 13.1.3,test,10;15,3
1191,CCDC 5B,GC 13.1.4,test,10;17,3
1192,CCDC 5B,GC 13.1.5,test,10,3
1193,CCDC 5B,GC 13.2.1,test,10;14,3
1194,CCDC 5B,GC 13.2.2,test,10;15;16;17,3
1195,CCDC 5B,GC 13.2.3,test,12,3
1196,CCDC 5B,GC 13.3.1,test,10;19,3
1197,CCDC 5B,GC 13.3.2,test,10,3
1198,CCDC 5B,GC 13.3.3,test,10;16,3
1199,CCDC 5B,GC 13.3.4,test,10;16,3
1200,CCDC 5B,GC 13.3.5,development,10;15,3
1201,CCDC 5B,GC 13.3.6,test,19,3
1202,CCDC 5B,GC 13.3.7,development,,3
1203,CCDC 5B,GC 13.3.8,development,19,3
1204,CCDC 5B,GC 13.3.9,test,19,3
1205,CCDC 5B,GC 13.3.10,test,,3
1206,CCDC 14,A-1.1,development,5,3
1207,CCDC 14,A-1.2,test,,3
1208,CCDC 14,A-1.3,test,2,3
1209,CCDC 14,A-2.1,test,,3
1210,CCDC 14,A-2.2,development,6;18,3
1211,CCDC 14,A-3.1,test,,3
1212,CCDC 14,A-4.1,test,,3
1213,CCDC 14,A-4.2,test,12,3
1214,CCDC 14,A-4.3,test,12,3
1215,CCDC 14,A-4.4,test,18,3
1216,CCDC 14,A-4.5,test,,3
1217,CCDC 14,A-5.1,test,12,3
1218,CCDC 14,A-5.2,development,12;14,3
1219,CCDC 14,A-5.3,test,12;19,3
1220,CCDC 14,A-6.1,development,,3
1221,CCDC 14,A-6.2,test,,3
1222,CCDC 14,A-6.3,development,,3
1223,CCDC 14,A-6.4,test,,3
1224,CCDC 14,A-6.5,test,,3
1225,CCDC 14,A-7.1,test,,3
1226,CCDC 14,A-7.2,test,,3
1227,CCDC 14,A-8.1,test,,3
1228,CCDC 14,GC 1.1.1,test,1,3
1229,CCDC 14,GC 1.1.2,test,,3
1230,CCDC 14,GC 1.1.3,test,,3
1231,CCDC 14,GC 1.1.4,test,,3
1232,CCDC 14,GC 1.1.5,test,,3
1233,CCDC 14,GC 1.1.6,test,,3
1234,CCDC 14,GC 1.1.7,test,17,3
1235,CCDC 14,GC 1.1.8,development,17,3
1236,CCDC 14,GC 1.1.9,test,17,3
1237,CCDC 14,GC 1.1.10,test,10,3
1238,CCDC 14,GC 1.2.1,test,,3
1239,CCDC 14,GC 1.3.1,test,,3
1240,CCDC 14,GC 1.3.2,test,,3
1241,CCDC 14,GC 1.4.1,test,,3
1242,CCDC 14,GC 1.5.1,test,,3
1243,CCDC 14,GC 2.1.1,test,1,3
1244,CCDC 14,GC 2.1.2,test,,3
1245,CCDC 14,GC 2.1.3,test,5;10,3
1246,CCDC 14,GC 2.2.1,test,1,3
1247,CCDC 14,GC 2.2.2,test,,3
1248,CCDC 14,GC 2.2.3,test,,3
1249,CCDC 14,GC 2.2.4,test,10;16,3
1250,CCDC 14,GC 2.2.5,test,7;8,3
1251,CCDC 14,GC 2.2.6,test,5,3
1252,CCDC 14,GC 2.3.1,test,,3
1253,CCDC 14,GC 2.3.2,test,,3
1254,CCDC 14,GC 2.3.3,development,,3
1255,CCDC 14,GC 2.3.4,test,,3
1256,CCDC 14,GC 2.4.1,development,12,3
1257,CCDC 14,GC 2.4.2,development,,3
1258,CCDC 14,GC 2.4.3,test,,3
1259,CCDC 14,GC 2.4.4,test,12,3
1260,CCDC 14,GC 2.4.5,test,12,3
1261,CCDC 14,GC 2.4.6,test,,3
1262,CCDC 14,GC 2.4.7,test,12,3
1263,CCDC 14,GC 2.4.8,test,12,3
1264,CCDC 14,GC 2.4.9,test,12,3
1265,CCDC 14,GC 2.5.1,test,5,3
1266,CCDC 14,GC 2.5.2,test,2;5,3
1267,CCDC 14,GC 2.5.3,test,5;10,3
1268,CCDC 14,GC 2.5.4,test,5;6,3
1269,CCDC 14,GC 2.5.5,test,8;12;16,3
1270,CCDC 14,GC 2.6.1,test,1,3
1271,CCDC 14,GC 2.6.2,test,1;5;10;14,3
1272,CCDC 14,GC 2.6.3,test,1;2,3
1273,CCDC 14,GC 2.6.4,test,1;2,3
1274,CCDC 14,GC 2.6.5,test,5;18,3
1275,CCDC 14,GC 2.6.6,test,19,3
1276,CCDC 14,GC 3.1.1,test,1;5,3
1277,CCDC 14,GC 3.1.2,test,1;5,3
1278,CCDC 14,GC 3.1.3,test,5,3
1279,CCDC 14,GC 3.1.4,test,5,3
1280,CCDC 14,GC 3.1.5,test,10,3
1281,CCDC 14,GC 3.1.6,test,10,3
1282,CCDC 14,GC 3.1.7,test,5;10,3
1283,CCDC 14,GC 3.1.8,test,8,3
1284,CCDC 14,GC 3.1.9,test,1;7,3
1285,CCDC 14,GC 3.1.10,test,8;10,3
1286,CCDC 14,GC 3.1.11,test,8,3
1287,CCDC 14,GC 3.1.12,test,8,3
1288,CCDC 14,GC 3.1.13,test,8;16,3
1289,CCDC 14,GC 3.1.14,development,7;8,3
1290,CCDC 14,GC 3.2.1,test,1;5,3
1291,CCDC 14,GC 3.2.2,development,10,3
1292,CCDC 14,GC 3.3.1,test,5,3
1293,CCDC 14,GC 3.3.2,test,,3
1294,CCDC 14,GC 3.3.3,development,5,3
1295,CCDC 14,GC 3.4.1,test,1;10,3
1296,CCDC 14,GC 3.4.2,test,,3
1297,CCDC 14,GC 3.4.3,development,10,3
1298,CCDC 14,GC 3.4.4,test,18,3
1299,CCDC 14,GC 3.4.5,test,,3
1300,CCDC 14,GC 3.5.1,test,2;5,3
1301,CCDC 14,GC 3.5.2,test,5,3
1302,CCDC 14,GC 3.5.3,development,5;18,3
1303,CCDC 14,GC 3.5.4,test,6;18,3
1304,CCDC 14,GC 3.6.1,test,1;2;18,3
1305,CCDC 14,GC 3.7.1,test,1,3
1306,CCDC 14,GC 3.7.2,development,1,3
1307,CCDC 14,GC 3.8.1,test,1,3
1308,CCDC 14,GC 3.8.2,development,1,3
1309,CCDC 14,GC 3.8.3,test,1,3
1310,CCDC 14,GC 3.9.1,test,5,3
1311,CCDC 14,GC 3.10.1,test,5,3
1312,CCDC 14,GC 3.10.2,development,5;8,3
1313,CCDC 14,GC 3.10.3,test,5;7,3
1314,CCDC 14,GC 3.10.4,test,2;8,3
1315,CCDC 14,GC 3.10.5,development,7;10;18,3
1316,CCDC 14,GC 3.11.1,test,5;16,3
1317,CCDC 14,GC 3.11.2,test,10;16,3
1318,CCDC 14,GC 3.11.3,development,10;16,3
1319,CCDC 14,GC 3.11.4,test,12;16;19,3
1320,CCDC 14,GC 4.1.1,test,,3
1321,CCDC 14,GC 4.1.2,test,12,3
1322,CCDC 14,GC 4.1.3,test,12,3
1323,CCDC 14,GC 4.1.4,test,12;18,3
1324,CCDC 14,GC 4.1.5,test,18,3
1325,CCDC 14,GC 4.1.6,test,12,3
1326,CCDC 14,GC 4.1.7,test,2;3,3
1327,CCDC 14,GC 4.2.1,development,13,3
1328,CCDC 14,GC 4.2.2,test,13,3
1329,CCDC 14,GC 4.2.3,development,18,3
1330,CCDC 14,GC 4.2.4,test,18,3
1331,CCDC 14,GC 5.1.1,test,12,3
1332,CCDC 14,GC 5.1.2,test,12,3
1333,CCDC 14,GC 5.2.1,test,12,3
1334,CCDC 14,GC 5.2.2,development,12,3
1335,CCDC 14,GC 5.2.3,test,9;12,3
1336,CCDC 14,GC 5.2.4,test,12,3
1337,CCDC 14,GC 5.2.5,test,12,3
1338,CCDC 14,GC 5.2.6,test,12,3
1339,CCDC 14,GC 5.2.7,development,12,3
1340,CCDC 14,GC 5.2.8,test,9;12,3
1341,CCDC 14,GC 5.3.1,test,12,3
1342,CCDC 14,GC 5.4.1,test,12,3
1343,CCDC 14,GC 5.4.2,test,12,3
1344,CCDC 14,GC 5.4.3,development,12,3
1345,CCDC 14,GC 5.4.4,test,12,3
1346,CCDC 14,GC 5.4.5,test,2,3
1347,CCDC 14,GC 5.5.1,test,12,3
1348,CCDC 14,GC 5.5.2,test,12,3
1349,CCDC 14,GC 5.5.3,development,12,3
1350,CCDC 14,GC 5.5.4,test,12,3
1351,CCDC 14,GC 5.5.5,test,12,3
1352,CCDC 14,GC 5.6.1,test,12,3
1353,CCDC 14,GC 5.6.2,development,12,3
1354,CCDC 14,GC 5.6.3,test,10;12;16,3
1355,CCDC 14,GC 5.7.1,test,12,3
1356,CCDC 14,GC 5.7.2,test,12,3
1357,CCDC 14,GC 5.7.3,test,12,3
1358,CCDC 14,GC 5.7.4,test,12,3
1359,CCDC 14,GC 5.8.1,test,12,3
1360,CCDC 14,GC 5.9.1,test,10;12;16,3
1361,CCDC 14,GC 6.1.1,test,18,3
1362,CCDC 14,GC 6.1.2,test,6;18,3
1363,CCDC 14,GC 6.2.1,test,18,3
1364,CCDC 14,GC 6.2.2,test,12;18,3
1365,CCDC 14,GC 6.2.3,test,12;18,3
1366,CCDC 14,GC 6.3.1,test,18,3
1367,CCDC 14,GC 6.3.2,test,18,3
1368,CCDC 14,GC 6.3.3,test,18,3
1369,CCDC 14,GC 6.3.4,test,18,3
1370,CCDC 14,GC 6.3.5,test,18,3
1371,CCDC 14,GC 6.3.6,test,18,3
1372,CCDC 14,GC 6.3.7,development,18,3
1373,CCDC 14,GC 6.3.8,test,10;18,3
1374,CCDC 14,GC 6.3.9,test,18,3
1375,CCDC 14,GC 6.3.10,test,18,3
1376,CCDC 14,GC 6.3.11,test,12;18,3
1377,CCDC 14,GC 6.3.12,development,18;19,3
1378,CCDC 14,GC 6.3.13,test,18,3
1379,CCDC 14,GC 6.4.1,test,10;18,3
1380,CCDC 14,GC 6.4.2,test,10;18,3
1381,CCDC 14,GC 6.4.3,test,18;19,3
1382,CCDC 14,GC 6.4.4,test,10;18,3
1383,CCDC 14,GC 6.4.5,test,15;18,3
1384,CCDC 14,GC 6.5.1,development,10;18,3
1385,CCDC 14,GC 6.5.2,test,10;18,3
1386,CCDC 14,GC 6.5.3,development,10;18,3
1387,CCDC 14,GC 6.5.4,test,18,3
1388,CCDC 14,GC 6.5.5,development,18,3
1389,CCDC 14,GC 6.6.1,test,18,3
1390,CCDC 14,GC 6.6.2,test,10;18,3
1391,CCDC 14,GC 6.6.3,test,18,3
1392,CCDC 14,GC 6.6.4,test,18,3
1393,CCDC 14,GC 6.6.5,test,18;19,3
1394,CCDC 14,GC 7.1.1,test,,3
1395,CCDC 14,GC 7.1.2,test,,3
1396,CCDC 14,GC 7.1.3,test,18,3
1397,CCDC 14,GC 7.1.4,test,12,3
1398,CCDC 14,GC 7.2.1,test,10,3
1399,CCDC 14,GC 7.2.2,test,10;16,3
1400,CCDC 14,GC 7.2.3,test,1;2;10,3
1401,CCDC 14,GC 7.2.4,test,10;12;16,3
1402,CCDC 14,GC 7.2.5,test,10;12;16;17,3
1403,CCDC 14,GC 7.2.6,test,10;16,3
1404,CCDC 14,GC 7.3.1,test,,3
1405,CCDC 14,GC 7.3.2,test,10,3
1406,CCDC 14,GC 7.3.3,test,10;12,3
1407,CCDC 14,GC 7.3.4,test,10,3
1408,CCDC 14,GC 7.3.5,test,3;9;10,3
1409,CCDC 14,GC 7.3.6,test,10;12,3
1410,CCDC 14,GC 8.1.1,test,19,3
1411,CCDC 14,GC 8.1.2,development,19,3
1412,CCDC 14,GC 8.1.3,test,19,3
1413,CCDC 14,GC 8.1.4,test,18;19,3
1414,CCDC 14,GC 8.1.5,test,19,3
1415,CCDC 14,GC 8.1.6,test,19,3
1416,CCDC 14,GC 8.1.7,test,19,3
1417,CCDC 14,GC 8.1.8,test,19,3
1418,CCDC 14,GC 8.1.9,test,19,3
1419,CCDC 14,GC 8.1.10,test,19,3
1420,CCDC 14,GC 8.2.1,test,19,3
1421,CCDC 14,GC 8.2.2,test,19,3
1422,CCDC 14,GC 8.2.3,test,19,3
1423,CCDC 14,GC 9.1.1,development,10,3
1424,CCDC 14,GC 9.1.2,test,1;10,3
1425,CCDC 14,GC 9.1.3,test,10;16,3
1426,CCDC 14,GC 9.1.4,test,10;18,3
1427,CCDC 14,GC 9.2.1,test,10;15,3
1428,CCDC 14,GC 9.2.2,test,15,3
1429,CCDC 14,GC 9.2.3,test,10;15,3
1430,CCDC 14,GC 9.2.4,test,10;15,3
1431,CCDC 14,GC 9.2.5,test,10;15,3
1432,CCDC 14,GC 9.2.6,test,15;19,3
1433,CCDC 14,GC 9.2.7,development,10;15,3
1434,CCDC 14,GC 9.2.8,test,10;15,3
1435,CCDC 14,GC 9.2.9,test,15;19,3
1436,CCDC 14,GC 9.3.1,test,17;18,3
1437,CCDC 14,GC 9.3.2,test,15,3
1438,CCDC 14,GC 9.3.3,test,18,3
1439,CCDC 14,GC 9.4.1,test,1;10,3
1440,CCDC 14,GC 9.5.1,test,10;15,3
1441,CCDC 14,GC 9.5.2,test,15;19,3
1442,CCDC 14,GC 9.5.3,development,10;15;16,3
1443,CCDC 14,GC 9.5.4,test,10;15,3
1444,CCDC 14,GC 9.5.5,test,15;19,3
1445,CCDC 14,GC 10.1.1,test,,3
1446,CCDC 14,GC 10.1.2,test,18,3
1447,CCDC 14,GC 10.2.1,test,,3
1448,CCDC 14,GC 10.2.2,test,,3
1449,CCDC 14,GC 10.2.3,test,8;12,3
1450,CCDC 14,GC 10.2.4,test,,3
1451,CCDC 14,GC 10.2.5,test,10;18,3
1452,CCDC 14,GC 10.2.6,development,10;16,3
1453,CCDC 14,GC 10.2.7,test,18,3
1454,CCDC 14,GC 10.3.1,test,10,3
1455,CCDC 14,GC 10.3.2,test,10,3
1456,CCDC 14,GC 10.4.1,test,12,3
1457,CCDC 14,GC 10.4.2,test,,3
1458,CCDC 14,GC 11.1.1,test,10;14,3
1459,CCDC 14,GC 11.1.2,test,14,3
1460,CCDC 14,GC 11.1.3,test,10;14,3
1461,CCDC 14,GC 11.1.4,test,12;14,3
1462,CCDC 14,GC 11.1.5,test,14,3
1463,CCDC 14,GC 11.1.6,test,14;18,3
1464,CCDC 14,GC 11.1.7,test,14;18,3
1465,CCDC 14,GC 11.1.8,test,14;18,3
1466,CCDC 14,GC 11.2.1,test,,3
1467,CCDC 14,GC 11.2.2,development,,3
1468,CCDC 14,GC 12.1.1,test,,3
1469,CCDC 14,GC 12.1.2,test,,3
1470,CCDC 14,GC 12.2.1,test,10,3
1471,CCDC 14,GC 12.2.2,test,10;14,3
1472,CCDC 14,GC 12.2.3,test,10,3
1473,CCDC 14,GC 12.2.4,test,10;15,3
1474,CCDC 14,GC 12.2.5,test,10;17,3
1475,CCDC 14,GC 12.2.6,test,10,3
1476,CCDC 14,GC 12.3.1,development,10;14,3
1477,CCDC 14,GC 12.4.1,test,10;19,3
1478,CCDC 14,GC 12.4.2,test,19,3
1479,CCDC 14,GC 12.4.3,test,10;16,3
1480,CCDC 14,GC 12.4.4,test,10,3
1481,CCDC 14,GC 12.4.5,test,10,3
1482,CCDC 14,GC 12.4.6,test,19,3
1483,CCDC 14,GC 12.4.7,test,19,3
1484,CCDC 14,GC 12.4.8,test,19,3
1485,CCDC 14,GC 12.4.9,test,19,3
1486,CCDC 14,GC 12.4.10,test,19,3
1487,CCDC 14,GC 12.5.1,development,16,3
1488,CCDC 14,GC 12.5.2,test,10;16,3
1489,CCDC 14,GC 12.5.3,development,16,3
1490,CCDC 14,GC 12.5.4,test,10;16,3
1491,CCDC 14,GC 12.5.5,test,10;16,3
1492,CCDC 14,GC 12.5.6,test,10;16,3
1493,CCDC 14,GC 12.5.7,test,10;16,3
1494,CCDC 14,GC 12.5.8,test,10,3
1495,CCDC 17,A-1.1,development,1,3
1496,CCDC 17,A-1.2,test,1,3
1497,CCDC 17,A-1.3,test,1;2,3
1498,CCDC 17,A-2.1,test,,3
1499,CCDC 17,A-2.2,development,6;18,3
1500,CCDC 17,A-3.1,test,,3
1501,CCDC 17,A-4.1,test,12,3
1502,CCDC 17,A-4.2,test,12,3
1503,CCDC 17,A-4.3,test,12,3
1504,CCDC 17,A-4.4,test,18,3
1505,CCDC 17,A-4.5,test,,3
1506,CCDC 17,A-5.1,test,12,3
1507,CCDC 17,A-5.2,development,12;19,3
1508,CCDC 17,A-6.1,test,,3
1509,CCDC 17,A-6.2,test,,3
1510,CCDC 17,A-7.1,test,,3
1511,CCDC 17,A-7.2,test,,3
1512,CCDC 17,A-7.3,test,,3
1513,CCDC 17,A-7.4,test,,3
1514,CCDC 17,A-7.5,test,,3
1515,CCDC 17,A-8.1,test,,3
1516,CCDC 17,A-8.2,test,,3
1517,CCDC 17,A-9.1,test,,3
1518,CCDC 17,GC 1.1.1,development,1,3
1519,CCDC 17,GC 1.1.2,test,5,3
1520,CCDC 17,GC 1.1.3,test,1;5,3
1521,CCDC 17,GC 1.1.4,test,5;10,3
1522,CCDC 17,GC 1.1.5,test,5,3
1523,CCDC 17,GC 1.1.6,test,,3
1524,CCDC 17,GC 1.1.7,test,,3
1525,CCDC 17,GC 1.1.8,test,,3
1526,CCDC 17,GC 1.1.9,test,,3
1527,CCDC 17,GC 1.1.10,development,17,3
1528,CCDC 17,GC 1.1.11,test,17,3
1529,CCDC 17,GC 1.2.1,test,,3
1530,CCDC 17,GC 1.3.1,test,,3
1531,CCDC 17,GC 1.3.2,test,,3
1532,CCDC 17,GC 1.4.1,test,,3
1533,CCDC 17,GC 2.1.1,test,,3
1534,CCDC 17,GC 2.1.2,test,,3
1535,CCDC 17,GC 2.1.3,test,,3
1536,CCDC 17,GC 2.2.1,test,1;19,3
1537,CCDC 17,GC 2.2.2,test,8;19,3
1538,CCDC 17,GC 2.2.3,development,8;16;18,3
1539,CCDC 17,GC 2.2.4,test,10,3
1540,CCDC 17,GC 2.3.1,test,8,3
1541,CCDC 17,GC 2.3.2,test,8,3
1542,CCDC 17,GC 2.3.3,test,8,3
1543,CCDC 17,GC 2.3.4,test,8;16,3
1544,CCDC 17,GC 2.3.5,test,8;16,3
1545,CCDC 17,GC 2.3.6,test,8;12,3
1546,CCDC 17,GC 2.3.7,test,8;12,3
1547,CCDC 17,GC 2.4.1,test,16,3
1548,CCDC 17,GC 2.4.2,test,10;16,3
1549,CCDC 17,GC 2.4.3,test,12;16;19,3
1550,CCDC 17,GC 3.1.1,test,1,3
1551,CCDC 17,GC 3.1.2,test,1;2,3
1552,CCDC 17,GC 3.2.1,test,1;14,3
1553,CCDC 17,GC 3.2.2,test,1;2,3
1554,CCDC 17,GC 3.2.3,development,1;18,3
1555,CCDC 17,GC 3.2.4,test,19,3
1556,CCDC 17,GC 3.2.5,test,2;16;18,3
1557,CCDC 17,GC 3.3.1,development,1;10,3
1558,CCDC 17,GC 3.3.2,test,1,3
1559,CCDC 17,GC 3.3.3,test,1;10,3
1560,CCDC 17,GC 3.4.1,test,2,3
1561,CCDC 17,GC 3.4.2,test,2,3
1562,CCDC 17,GC 3.4.3,test,1;2,3
1563,CCDC 17,GC 3.5.1,test,1,3
1564,CCDC 17,GC 3.5.2,test,1,3
1565,CCDC 17,GC 3.6.1,test,1;10,3
1566,CCDC 17,GC 3.6.2,test,1,3
1567,CCDC 17,GC 3.6.3,test,10,3
1568,CCDC 17,GC 3.6.4,test,18,3
1569,CCDC 17,GC 3.6.5,test,,3
1570,CCDC 17,GC 3.6.6,test,12,3
1571,CCDC 17,GC 3.7.1,test,1,3
1572,CCDC 17,GC 3.7.2,test,1,3
1573,CCDC 17,GC 3.7.3,test,1,3
1574,CCDC 17,GC 3.8.1,test,1;5,3
1575,CCDC 17,GC 3.8.2,test,2;5,3
1576,CCDC 17,GC 3.8.3,test,5;7,3
1577,CCDC 17,GC 3.8.4,development,5;8,3
1578,CCDC 17,GC 3.8.5,test,5;8,3
1579,CCDC 17,GC 3.8.6,test,5;10,3
1580,CCDC 17,GC 3.8.7,test,2;5,3
1581,CCDC 17,GC 4.1.1,test,12,3
1582,CCDC 17,GC 4.1.2,test,12,3
1583,CCDC 17,GC 4.1.3,test,12,3
1584,CCDC 17,GC 4.1.4,test,12;18,3
1585,CCDC 17,GC 4.1.5,test,12;18,3
1586,CCDC 17,GC 4.1.6,test,12,3
1587,CCDC 17,GC 4.1.7,development,2;3;4,3
1588,CCDC 17,GC 4.2.1,test,13,3
1589,CCDC 17,GC 4.2.2,test,,3
1590,CCDC 17,GC 4.2.3,test,18,3
1591,CCDC 17,GC 4.2.4,test,18,3
1592,CCDC 17,GC 5.1.1,test,12,3
1593,CCDC 17,GC 5.1.2,test,12,3
1594,CCDC 17,GC 5.2.1,test,12,3
1595,CCDC 17,GC 5.2.2,test,12,3
1596,CCDC 17,GC 5.2.3,test,12,3
1597,CCDC 17,GC 5.2.4,test,12,3
1598,CCDC 17,GC 5.2.5,test,12,3
1599,CCDC 17,GC 5.2.6,test,12,3
1600,CCDC 17,GC 5.2.7,test,12,3
1601,CCDC 17,GC 5.2.8,test,9;12,3
1602,CCDC 17,GC 5.3.1,test,12,3
1603,CCDC 17,GC 5.4.1,development,8;12,3
1604,CCDC 17,GC 5.4.2,development,12,3
1605,CCDC 17,GC 5.4.3,test,12,3
1606,CCDC 17,GC 5.4.4,test,12,3
1607,CCDC 17,GC 5.4.5,test,12,3
1608,CCDC 17,GC 5.4.6,test,10;12;16,3
1609,CCDC 17,GC 5.4.7,test,12;16,3
1610,CCDC 17,GC 5.4.8,test,2,3
1611,CCDC 17,GC 5.5.1,test,12,3
1612,CCDC 17,GC 5.5.2,test,12,3
1613,CCDC 17,GC 5.5.3,test,12,3
1614,CCDC 17,GC 5.5.4,test,12,3
1615,CCDC 17,GC 5.6.1,test,2;12,3
1616,CCDC 17,GC 5.7.1,test,10;12;16,3
1617,CCDC 17,GC 6.1.1,development,18,3
1618,CCDC 17,GC 6.1.2,test,18,3
1619,CCDC 17,GC 6.2.1,test,18,3
1620,CCDC 17,GC 6.2.2,test,12;18,3
1621,CCDC 17,GC 6.3.1,test,18,3
1622,CCDC 17,GC 6.3.2,test,18,3
1623,CCDC 17,GC 6.3.3,test,18,3
1624,CCDC 17,GC 6.3.4,development,1;18,3
1625,CCDC 17,GC 6.3.5,test,18,3
1626,CCDC 17,GC 6.3.6,test,18,3
1627,CCDC 17,GC 6.3.7,test,9;14;18,3
1628,CCDC 17,GC 6.3.8,test,10;18,3
1629,CCDC 17,GC 6.3.9,test,12;18,3
1630,CCDC 17,GC 6.3.10,test,18,3
1631,CCDC 17,GC 6.3.11,test,12;18,3
1632,CCDC 17,GC 6.3.12,test,18;19,3
1633,CCDC 17,GC 6.3.13,test,18,3
1634,CCDC 17,GC 6.4.1,test,10;18,3
1635,CCDC 17,GC 6.4.2,test,10;18,3
1636,CCDC 17,GC 6.4.3,test,18;19,3
1637,CCDC 17,GC 6.4.4,test,10;15,3
1638,CCDC 17,GC 6.5.1,test,10;18,3
1639,CCDC 17,GC 6.5.2,development,10;18,3
1640,CCDC 17,GC 6.5.3,development,10;18,3
1641,CCDC 17,GC 6.5.4,test,18,3
1642,CCDC 17,GC 6.5.5,test,2;18,3
1643,CCDC 17,GC 6.6.1,test,18,3
1644,CCDC 17,GC 6.6.2,test,10;18,3
1645,CCDC 17,GC 6.6.3,test,18,3
1646,CCDC 17,GC 6.6.4,development,18,3
1647,CCDC 17,GC 6.6.5,test,18;19,3
1648,CCDC 17,GC 6.6.6,test,18;19,3
1649,CCDC 17,GC 7.1.1,development,10,3
1650,CCDC 17,GC 7.1.2,test,10;16,3
1651,CCDC 17,GC 7.1.3,test,2;10,3
1652,CCDC 17,GC 7.1.4,test,10;12;16,3
1653,CCDC 17,GC 7.1.5,test,10;12;16;17,3
1654,CCDC 17,GC 7.1.6,development,10;16,3
1655,CCDC 17,GC 7.2.1,test,10,3
1656,CCDC 17,GC 7.2.2,test,10,3
1657,CCDC 17,GC 7.2.3,test,10;12,3
1658,CCDC 17,GC 7.2.4,development,10,3
1659,CCDC 17,GC 7.2.5,test,10;12,3
1660,CCDC 17,GC 8.1.1,test,19,3
1661,CCDC 17,GC 8.1.2,test,19,3
1662,CCDC 17,GC 8.1.3,test,1;18;19,3
1663,CCDC 17,GC 8.2.1,test,19,3
1664,CCDC 17,GC 8.3.1,test,19,3
1665,CCDC 17,GC 8.3.2,test,19,3
1666,CCDC 17,GC 8.3.3,test,19,3
1667,CCDC 17,GC 8.3.4,development,19,3
1668,CCDC 17,GC 8.3.5,test,19,3
1669,CCDC 17,GC 8.3.6,test,19,3
1670,CCDC 17,GC 8.3.7,test,19,3
1671,CCDC 17,GC 8.3.8,test,19,3
1672,CCDC 17,GC 8.4.1,test,19,3
1673,CCDC 17,GC 8.4.2,test,19,3
1674,CCDC 17,GC 9.1.1,test,1;10,3
1675,CCDC 17,GC 9.1.2,development,1,3
1676,CCDC 17,GC 9.1.3,test,10;16,3
1677,CCDC 17,GC 9.1.4,test,10;16;18,3
1678,CCDC 17,GC 9.2.1,test,10;15,3
1679,CCDC 17,GC 9.2.2,test,15,3
1680,CCDC 17,GC 9.2.3,development,10;15,3
1681,CCDC 17,GC 9.2.4,development,10;15,3
1682,CCDC 17,GC 9.2.5,test,10;15,3
1683,CCDC 17,GC 9.2.6,test,10;15,3
1684,CCDC 17,GC 9.2.7,test,10;15,3
1685,CCDC 17,GC 9.2.8,test,10;15,3
1686,CCDC 17,GC 9.2.9,test,15;19,3
1687,CCDC 17,GC 9.3.1,test,17,3
1688,CCDC 17,GC 9.3.2,test,15,3
1689,CCDC 17,GC 9.3.3,development,18,3
1690,CCDC 17,GC 9.4.1,test,,3
1691,CCDC 17,GC 9.4.2,test,,3
1692,CCDC 17,GC 9.4.3,test,10,3
1693,CCDC 17,GC 9.4.4,test,,3
1694,CCDC 17,GC 9.4.5,development,,3
1695,CCDC 17,GC 9.5.1,development,10;15,3
1696,CCDC 17,GC 9.5.2,test,10;15,3
1697,CCDC 17,GC 9.5.3,test,10;15;18,3
1698,CCDC 17,GC 9.5.4,test,15;19,3
1699,CCDC 17,GC 10.1.1,test,12,3
1700,CCDC 17,GC 10.1.2,test,18,3
1701,CCDC 17,GC 10.2.1,development,,3
1702,CCDC 17,GC 10.2.2,test,,3
1703,CCDC 17,GC 10.2.3,test,8,3
1704,CCDC 17,GC 10.2.4,test,1,3
1705,CCDC 17,GC 10.2.5,test,10;18,3
1706,CCDC 17,GC 10.2.6,test,10;16,3
1707,CCDC 17,GC 10.2.7,test,18,3
1708,CCDC 17,GC 10.3.1,development,10,3
1709,CCDC 17,GC 10.3.2,test,10,3
1710,CCDC 17,GC 10.4.1,test,,3
1711,CCDC 17,GC 11.1.1,test,14,3
1712,CCDC 17,GC 11.1.2,test,12;14,3
1713,CCDC 17,GC 11.1.3,test,14,3
1714,CCDC 17,GC 11.1.4,test,12;14;16,3
1715,CCDC 17,GC 11.1.5,test,14,3
1716,CCDC 17,GC 11.1.6,test,10;14,3
1717,CCDC 17,GC 11.1.7,test,14,3
1718,CCDC 17,GC 11.1.8,test,14;18,3
1719,CCDC 17,GC 11.1.9,excluded,14;18,3
1720,CCDC 17,GC 12.1.1,test,1;8,3
1721,CCDC 17,GC 12.1.2,test,,3
1722,CCDC 17,GC 12.2.1,development,1;10,3
1723,CCDC 17,GC 12.2.2,test,10,3
1724,CCDC 17,GC 12.2.3,test,10;17,3
1725,CCDC 17,GC 12.2.4,test,1;10,3
1726,CCDC 17,GC 12.3.1,test,16,3
1727,CCDC 17,GC 12.3.2,development,1;10,3
1728,CCDC 17,GC 12.3.3,test,16,3
1729,CCDC 17,GC 12.3.4,test,16,3
1730,CCDC 17,GC 12.3.5,development,10;16,3
1731,CCDC 17,GC 12.3.6,test,10;16,3
1732,CCDC 17,GC 13.1.1,test,10,3
1733,CCDC 17,GC 13.1.2,test,10,3
1734,CCDC 17,GC 13.1.3,test,10;15,3
1735,CCDC 17,GC 13.1.4,test,10,3
1736,CCDC 17,GC 13.1.5,test,10,3
1737,CCDC 17,GC 13.2.1,development,10;14,3
1738,CCDC 17,GC 13.2.2,test,10;15;16,3
1739,CCDC 17,GC 13.2.3,test,12,3
1740,CCDC 17,GC 13.3.1,test,10;19,3
1741,CCDC 17,GC 13.3.2,test,10,3
1742,CCDC 17,GC 13.3.3,test,10;16,3
1743,CCDC 17,GC 13.3.4,test,10;16,3
1744,CCDC 17,GC 13.3.5,test,10,3
1745,CCDC 17,GC 13.3.6,test,19,3
1746,CCDC 17,GC 13.3.7,test,,3
1747,CCDC 17,GC 13.3.8,test,19,3
1748,CCDC 17,GC 13.3.9,test,18,3
1749,CCDC 17,GC 13.3.10,test,,3
1750,CCDC 30,A1.1,test,,3
1751,CCDC 30,A1.2,development,,3
1752,CCDC 30,A1.3,test,4,3
1753,CCDC 30,A1.4,test,2;4;5,3
1754,CCDC 30,A2.1,development,4,3
1755,CCDC 30,A2.2,test,2;4;13,3
1756,CCDC 30,A3.1,test,2;6;13,3
1757,CCDC 30,A3.2,test,2;6;12;13;14,3
1758,CCDC 30,A3.3,test,6,3
1759,CCDC 30,A4.1,test,6,3
1760,CCDC 30,A4.2,test,,3
1761,CCDC 30,A4.3,test,,3
1762,CCDC 30,B1.1,test,,3
1763,CCDC 30,B2.1,test,5;6,3
1764,CCDC 30,B2.2,test,2;4;5;12;13;14,3
1765,CCDC 30,B3.1,test,1,3
1766,CCDC 30,B3.2,development,1;5;8,3
1767,CCDC 30,B3.3,test,1,3
1768,CCDC 30,B3.4,test,1,3
1769,CCDC 30,B3.5,test,,3
1770,CCDC 30,B3.6,development,1;2,3
1771,CCDC 30,B3.7,test,10;17,3
1772,CCDC 30,B3.8,test,1,3
1773,CCDC 30,B4.1,test,16,3
1774,CCDC 30,B4.2,test,16,3
1775,CCDC 30,B4.3,test,12;16,3
1776,CCDC 30,B4.4,test,16,3
1777,CCDC 30,B4.5,test,10;16,3
1778,CCDC 30,C1.1,test,,3
1779,CCDC 30,C2.1,test,,3
1780,CCDC 30,C2.2,test,6,3
1781,CCDC 30,C3.1,test,6,3
1782,CCDC 30,C3.2,test,6;13,3
1783,CCDC 30,C3.3,test,2;13;18,3
1784,CCDC 30,C3.4,test,13,3
1785,CCDC 30,C4.1,test,13,3
1786,CCDC 30,C4.2,test,6;13,3
1787,CCDC 30,C4.3,test,13,3
1788,CCDC 30,C4.4,development,13,3
1789,CCDC 30,C4.5,test,13,3
1790,CCDC 30,C5.1,test,13,3
1791,CCDC 30,C5.2,test,13,3
1792,CCDC 30,C5.3,test,12;13,3
1793,CCDC 30,C6.1,test,12,3
1794,CCDC 30,C6.2,test,12,3
1795,CCDC 30,C6.3,test,12;19,3
1796,CCDC 30,C7.1,development,,3
1797,CCDC 30,C7.2,test,6;18,3
1798,CCDC 30,C7.3,test,,3
1799,CCDC 30,C8.1,test,,3
1800,CCDC 30,C8.2,test,,3
1801,CCDC 30,C8.3,test,,3
1802,CCDC 30,C8.4,test,,3
1803,CCDC 30,C8.5,test,,3
1804,CCDC 30,C9.1,development,,3
1805,CCDC 30,C9.2,test,,3
1806,CCDC 30,C9.3,test,,3
1807,CCDC 30,C9.4,test,,3
1808,CCDC 30,C9.5,test,,3
1809,CCDC 30,C10.1,test,,3
1810,CCDC 30,C10.2,test,,3
1811,CCDC 30,C11.1,test,,3
1812,CCDC 30,GC 1.1.1,test,1,3
1813,CCDC 30,GC 1.1.2,test,,3
1814,CCDC 30,GC 1.1.3,test,,3
1815,CCDC 30,GC 1.1.4,development,,3
1816,CCDC 30,GC 1.1.5,test,,3
1817,CCDC 30,GC 1.1.6,test,17,3
1818,CCDC 30,GC 1.1.7,test,17,3
1819,CCDC 30,GC 1.1.8,test,17,3
1820,CCDC 30,GC 1.1.9,test,17,3
1821,CCDC 30,GC 1.1.10,test,5,3
1822,CCDC 30,GC 1.2.1,test,,3
1823,CCDC 30,GC 1.3.1,test,,3
1824,CCDC 30,GC 1.3.2,test,,3
1825,CCDC 30,GC 1.4.1,test,,3
1826,CCDC 30,GC 1.5.1,test,,3
1827,CCDC 30,GC 1.5.2,test,,3
1828,CCDC 30,GC 1.5.3,test,,3
1829,CCDC 30,GC 1.6.1,test,12,3
1830,CCDC 30,GC 1.6.2,test,12,3
1831,CCDC 30,GC 1.6.3,test,,3
1832,CCDC 30,GC 1.6.4,test,10,3
1833,CCDC 30,GC 2.1.1,test,4;19,3
1834,CCDC 30,GC 2.1.2,test,,3
1835,CCDC 30,GC 2.2.1,development,4;15,3
1836,CCDC 30,GC 2.3.1,test,1,3
1837,CCDC 30,GC 2.3.2,test,1;5,3
1838,CCDC 30,GC 2.3.3,test,5,3
1839,CCDC 30,GC 2.3.4,test,5,3
1840,CCDC 30,GC 2.3.5,test,1,3
1841,CCDC 30,GC 2.3.6,test,1;4,3
1842,CCDC 30,GC 2.3.7,development,1;10,3
1843,CCDC 30,GC 2.3.8,development,1,3
1844,CCDC 30,GC 3.1.1,test,,3
1845,CCDC 30,GC 3.1.2,test,,3
1846,CCDC 30,GC 3.1.3,test,,3
1847,CCDC 30,GC 3.1.4,test,6;18;19,3
1848,CCDC 30,GC 3.1.5,test,,3
1849,CCDC 30,GC 3.2.1,test,,3
1850,CCDC 30,GC 3.2.2,test,4,3
1851,CCDC 30,GC 3.2.3,test,4,3
1852,CCDC 30,GC 3.2.4,test,1;2;5;12;13;14;18;19,3
1853,CCDC 30,GC 3.2.5,test,1;10,3
1854,CCDC 30,GC 3.2.6,test,6;13;18,3
1855,CCDC 30,GC 3.3.1,development,4,3
1856,CCDC 30,GC 3.3.2,development,4;5,3
1857,CCDC 30,GC 3.4.1,test,1,3
1858,CCDC 30,GC 3.4.2,test,10,3
1859,CCDC 30,GC 3.4.3,test,10,3
1860,CCDC 30,GC 4.1.1,test,10;18,3
1861,CCDC 30,GC 4.1.2,test,10;18,3
1862,CCDC 30,GC 4.2.1,test,1,3
1863,CCDC 30,GC 4.2.2,test,12;13,3
1864,CCDC 30,GC 4.2.3,test,12;13,3
1865,CCDC 30,GC 5.1.1,development,2;12,3
1866,CCDC 30,GC 5.1.2,test,12;13,3
1867,CCDC 30,GC 5.1.3,test,12,3
1868,CCDC 30,GC 5.1.4,test,12,3
1869,CCDC 30,GC 5.1.5,development,12,3
1870,CCDC 30,GC 5.1.6,test,12,3
1871,CCDC 30,GC 5.2.1,test,12;13,3
1872,CCDC 30,GC 5.2.2,development,12,3
1873,CCDC 30,GC 5.2.3,test,2;12;13,3
1874,CCDC 30,GC 6.1.1,test,6;13;18,3
1875,CCDC 30,GC 6.1.2,test,6;18,3
1876,CCDC 30,GC 6.1.3,test,6;18,3
1877,CCDC 30,GC 6.2.1,test,6;10;18,3
1878,CCDC 30,GC 6.2.2,test,13;18,3
1879,CCDC 30,GC 7.1.1,test,19,3
1880,CCDC 30,GC 7.1.2,test,19,3
1881,CCDC 30,GC 7.1.3,test,19,3
1882,CCDC 30,GC 7.1.4,test,19,3
1883,CCDC 30,GC 7.1.5,test,19,3
1884,CCDC 30,GC 7.1.6,test,19,3
1885,CCDC 30,GC 7.1.7,test,19,3
1886,CCDC 30,GC 7.1.8,test,19,3
1887,CCDC 30,GC 7.1.9,test,19,3
1888,CCDC 30,GC 8.1.1,test,,3
1889,CCDC 30,GC 8.1.2,test,10;16,3
1890,CCDC 30,GC 8.1.3,development,10,3
1891,CCDC 30,GC 8.1.4,development,10;12;17,3
1892,CCDC 30,GC 8.1.5,test,12,3
1893,CCDC 30,GC 8.1.6,test,10;12,3
1894,CCDC 30,GC 8.1.7,test,12,3
1895,CCDC 30,GC 8.1.8,test,10;12,3
1896,CCDC 30,GC 8.1.9,test,10;16,3
1897,CCDC 30,GC 8.1.10,test,,3
1898,CCDC 30,GC 8.2.1,test,10;16,3
1899,CCDC 30,GC 8.2.2,test,10,3
1900,CCDC 30,GC 8.2.3,test,10;12;17,3
1901,CCDC 30,GC 8.2.4,test,10;12,3
1902,CCDC 30,GC 8.2.5,development,10;12,3
1903,CCDC 30,GC 8.2.6,development,10;16,3
1904,CCDC 30,GC 8.3.1,test,,3
1905,CCDC 30,GC 8.3.2,test,,3
1906,CCDC 30,GC 8.3.4,test,,3
1907,CCDC 30,GC 8.3.5,test,12,3
1908,CCDC 30,GC 8.3.6,test,12,3
1909,CCDC 30,GC 8.3.7,development,,3
1910,CCDC 30,GC 8.3.8,development,17,3
1911,CCDC 30,GC 8.3.9,test,10,3
1912,CCDC 30,GC 8.4.1,test,10,3
1913,CCDC 30,GC 8.4.2,test,10;12,3
1914,CCDC 30,GC 8.4.3,test,10,3
1915,CCDC 30,GC 8.4.4,test,12,3
1916,CCDC 30,GC 8.4.5,development,10;12,3
1917,CCDC 30,GC 8.5.1,development,10,3
1918,CCDC 30,GC 8.5.2,test,10,3
1919,CCDC 30,GC 9.1.1,test,10;14,3
1920,CCDC 30,GC 9.1.2,test,2;11;14,3
1921,CCDC 30,GC 9.1.3,test,14,3
1922,CCDC 30,GC 9.1.4,test,14,3
1923,CCDC 30,GC 9.1.5,test,12;14,3
1924,CCDC 30,GC 9.1.6,test,14,3
1925,CCDC 30,GC 9.1.7,test,14,3
1926,CCDC 30,GC 9.2.1,test,,3
1927,CCDC 30,GC 10.1.1,development,10;12;14;16,3
1928,CCDC 30,GC 10.1.2,test,10,3
1929,CCDC 30,GC 10.1.3,test,10;16,3
1930,CCDC 30,GC 10.2.1,development,10,3
1931,CCDC 30,GC 10.2.2,development,10;14,3
1932,CCDC 30,GC 10.2.3,test,10;14,3
1933,CCDC 30,GC 10.2.4,test,10,3
1934,CCDC 30,GC 10.2.5,test,10,3
1935,CCDC 30,GC 10.2.6,development,10,3
