code,label,CCDC 2,CCDC 2 CcQ,CCDC 3,CCDC 5A,CCDC 5B,CCDC 14,CCDC 17,CCDC 30,total
1,Work Execution,33,32,7,11,35,15,27,18,178
2,Schedule Sequencing,14,13,16,9,19,28,15,19,133
3,Delivery Delays,4,4,6,0,0,4,1,2,21
4,Early Collaboration,1,1,0,0,2,3,0,25,32
5,Design and Coordination,10,8,3,4,18,30,12,23,108
6,Design Lock-In,10,10,14,1,4,30,3,20,92
7,QA – Fabrication,10,10,1,0,2,5,2,0,30
8,Inspections,10,12,10,4,10,15,12,2,75
9,Logistics,1,1,2,0,2,5,3,2,16
10,Risk Management,44,44,0,6,27,29,29,47,226
11,Transport Risk,4,4,0,1,2,7,6,0,24
12,Payment,30,24,28,14,30,58,35,29,248
13,GMP / Target Cost,0,0,20,8,8,2,0,62,100
14,Insurance,14,14,9,8,11,12,11,12,91
15,Environmental,16,16,12,1,18,20,19,1,103
16,Defective Work,17,16,11,6,21,26,23,10,130
17,Ownership,6,7,5,1,7,7,9,9,51
18,Changes in the Work,35,37,25,9,63,70,52,11,302
19,Dispute,52,56,41,31,32,28,29,14,283
