code,label,form,expert_freq,model_freq,gap_status
3,Delivery Delays,CCDC 5A,0,0,gap in both
3,Delivery Delays,CCDC 5B,0,1,gap in expert coding only
3,Delivery Delays,CCDC 30,2,0,gap in model coding only
4,Early Collaboration,CCDC 2,1,0,gap in model coding only
4,Early Collaboration,CCDC 2 CcQ,1,0,gap in model coding only
4,Early Collaboration,CCDC 3,0,1,gap in expert coding only
4,Early Collaboration,CCDC 5A,0,0,gap in both
4,Early Collaboration,CCDC 14,3,0,gap in model coding only
4,Early Collaboration,CCDC 17,0,1,gap in expert coding only
7,QA – Fabrication,CCDC 5A,0,0,gap in both
7,QA – Fabrication,CCDC 30,0,0,gap in both
9,Logistics,CCDC 5A,0,0,gap in both
9,Logistics,CCDC 30,2,0,gap in model coding only
10,Risk Management,CCDC 3,0,65,gap in expert coding only
11,Transport Risk,CCDC 2,4,0,gap in model coding only
11,Transport Risk,CCDC 2 CcQ,4,0,gap in model coding only
11,Transport Risk,CCDC 3,0,0,gap in both
11,Transport Risk,CCDC 5A,1,0,gap in model coding only
11,Transport Risk,CCDC 5B,2,0,gap in model coding only
11,Transport Risk,CCDC 14,7,0,gap in model coding only
11,Transport Risk,CCDC 17,6,0,gap in model coding only
11,Transport Risk,CCDC 30,0,1,gap in expert coding only
13,GMP / Target Cost,CCDC 2,0,0,gap in both
13,GMP / Target Cost,CCDC 2 CcQ,0,0,gap in both
13,GMP / Target Cost,CCDC 17,0,1,gap in expert coding only
17,Ownership,CCDC 5A,1,0,gap in model coding only
