code,label,expert_n,llm_n,TP,FP,FN,precision,recall,f1,kappa
1,Work Execution,4,8,4,4,0,0.5,1.0,0.6666666666666666,0.5454545454545456
2,Schedule Sequencing,1,1,1,0,0,1.0,1.0,1.0,1.0
3,Delivery Delays,0,0,0,0,0,nan,nan,nan,nan
4,Early Collaboration,0,0,0,0,0,nan,nan,nan,nan
5,Design and Coordination,0,0,0,0,0,nan,nan,nan,nan
6,Design Lock-In,2,1,1,0,1,1.0,0.5,0.6666666666666666,0.6428571428571426
7,QA – Fabrication,1,0,0,0,1,nan,0.0,0.0,0.0
8,Inspections,1,2,1,1,0,0.5,1.0,0.6666666666666666,0.6428571428571426
9,Logistics,1,0,0,0,1,nan,0.0,0.0,0.0
10,Risk Management,3,2,2,0,1,1.0,0.6666666666666666,0.8,0.7727272727272725
11,Transport Risk,2,0,0,0,2,nan,0.0,0.0,0.0
12,Payment,0,2,0,2,0,0.0,nan,0.0,0.0
13,GMP / Target Cost,1,1,1,0,0,1.0,1.0,1.0,1.0
14,Insurance,1,1,1,0,0,1.0,1.0,1.0,1.0
15,Environmental,1,0,0,0,1,nan,0.0,0.0,0.0
16,Defective Work,0,0,0,0,0,nan,nan,nan,nan
17,Ownership,1,0,0,0,1,nan,0.0,0.0,0.0
18,Changes in the Work,4,4,4,0,0,1.0,1.0,1.0,1.0
19,Dispute,1,1,1,0,0,1.0,1.0,1.0,1.0
